mst_mission_id,mst_panel_mission_id,mst_idol_mission_id,mission_type,mst_mission_class_id,goal,option,option2,premise_mst_mission_id_list,reward_mst_item_id_list,reward_item_type_id_list,reward_amount_list,reward_mst_card_id_list,reward_mst_achievement_id_list,reward_mst_song_id_list,reward_resource_id_list,sort_id,jump_type,mission_operation_label,mst_mission_schedule_id,mst_panel_mission_sheet_id
1,0,0,0,1,50,-,-,0,3,1,50,0,0,0,,1,SongSelect,-,3,0
2,0,0,0,1,100,-,-,1,3,1,50,0,0,0,,2,SongSelect,-,3,0
3,0,0,0,1,250,-,-,2,3,1,50,0,0,0,,3,SongSelect,-,3,0
4,0,0,0,1,500,-,-,3,0,0,1,0,4,0,achievement_004,4,SongSelect,-,3,0
5,0,0,0,1,1000,-,-,4,3,1,100,0,0,0,,5,SongSelect,-,3,0
6,0,0,0,1,2000,-,-,5,0,0,1,0,5,0,achievement_005,6,SongSelect,-,3,0
7,0,0,0,2,10,-,-,0,22,6,1,0,0,0,,20,SongSelect,-,3,0
8,0,0,0,2,30,-,-,7,0,0,1,0,6,0,achievement_006,21,SongSelect,-,3,0
9,0,0,0,2,50,-,-,8,3,1,50,0,0,0,,22,SongSelect,-,3,0
10,0,0,0,2,100,-,-,9,0,0,1,0,7,0,achievement_007,23,SongSelect,-,3,0
11,0,0,0,3,300000,-,-,0,3,1,50,0,0,0,,30,SongSelect,-,3,0
12,0,0,0,3,500000,-,-,11,0,0,1,0,8,0,achievement_008,31,SongSelect,-,3,0
13,0,0,0,3,700000,-,-,12,3,1,50,0,0,0,,32,SongSelect,-,3,0
14,0,0,0,3,900000,-,-,13,0,0,1,0,9,0,achievement_009,33,SongSelect,-,3,0
15,0,0,0,4,7,-,-,0,200,8,1,0,0,0,,101,SongSelect,-,3,0
16,0,0,0,4,11,-,-,15,201,8,1,0,0,0,,102,SongSelect,-,3,0
17,0,0,0,4,14,-,-,16,202,8,1,0,0,0,,103,SongSelect,-,3,0
18,0,0,0,4,17,-,-,17,0,0,1,0,10,0,achievement_010,104,SongSelect,-,3,0
30,0,0,0,5,25,-,-,0,3,1,50,0,0,0,,301,Gasha,-,3,0
31,0,0,0,5,50,-,-,30,0,0,1,0,11,0,achievement_011,302,Gasha,-,3,0
32,0,0,0,6,25,100,-,0,3,1,50,0,0,0,,401,SongSelect,-,3,0
33,0,0,0,6,50,100,-,32,0,0,1,0,12,0,achievement_012,402,SongSelect,-,3,0
34,0,0,0,6,25,1000,-,0,3,1,50,0,0,0,,403,SongSelect,-,3,0
35,0,0,0,6,50,1000,-,34,0,0,1,0,13,0,achievement_013,404,SongSelect,-,3,0
36,0,0,0,7,30,-,-,0,3,1,50,0,0,0,,501,SongSelect,-,3,0
37,0,0,0,7,50,-,-,36,0,0,1,0,2,0,achievement_002,502,SongSelect,-,3,0
38,0,0,0,7,70,-,-,37,3,1,100,0,0,0,,503,SongSelect,-,3,0
39,0,0,0,7,100,-,-,38,0,0,1,0,3,0,achievement_003,504,SongSelect,-,3,0
40,0,0,0,8,5,-,-,0,3,1,25,0,0,0,,601,SongSelect,-,3,0
41,0,0,0,8,10,-,-,40,3,1,25,0,0,0,,602,SongSelect,-,3,0
42,0,0,0,9,5,-,-,0,3,1,50,0,0,0,,701,Gasha,-,3,0
43,0,0,0,9,10,-,-,42,0,0,1,0,14,0,achievement_014,702,Gasha,-,3,0
44,0,0,0,9,20,-,-,43,0,0,1,0,15,0,achievement_015,703,Gasha,-,3,0
45,0,0,0,9,30,-,-,44,0,0,1,0,16,0,achievement_016,704,Gasha,-,3,0
46,0,0,0,9,40,-,-,45,0,0,1,0,17,0,achievement_017,705,Gasha,-,3,0
47,0,0,0,9,50,-,-,46,0,0,1,0,18,0,achievement_018,706,Gasha,-,3,0
48,0,0,0,10,30,-,-,0,3,1,25,0,0,0,,801,Home,-,3,0
49,0,0,0,10,100,-,-,48,0,0,1,0,19,0,achievement_019,802,Home,-,3,0
50,0,0,0,11,50,-,-,0,3,1,25,0,0,0,,901,Home,-,3,0
51,0,0,0,11,250,-,-,50,3,1,50,0,0,0,,902,Home,-,3,0
52,0,0,0,11,1000,-,-,51,0,0,1,0,20,0,achievement_020,903,Home,-,3,0
53,0,0,0,12,5,-,-,77,3,1,25,0,0,0,,1001,SongSelect,-,3,0
54,0,0,0,12,10,-,-,53,3,1,25,0,0,0,,1002,SongSelect,-,3,0
55,0,0,0,12,20,-,-,54,0,0,1,0,21,0,achievement_021,1003,SongSelect,-,3,0
56,0,0,0,12,30,-,-,55,3,1,25,0,0,0,,1004,SongSelect,-,3,0
57,0,0,0,12,40,-,-,56,0,0,1,0,22,0,achievement_022,1005,SongSelect,-,3,0
58,0,0,0,12,50,-,-,57,3,1,25,0,0,0,,1006,SongSelect,-,3,0
59,0,0,0,12,60,-,-,58,0,0,1,0,23,0,achievement_023,1007,SongSelect,-,3,0
60,0,0,0,12,70,-,-,59,3,1,25,0,0,0,,1008,SongSelect,-,3,0
61,0,0,0,12,80,-,-,60,0,0,1,0,24,0,achievement_024,1009,SongSelect,-,3,0
62,0,0,0,12,90,-,-,61,3,1,25,0,0,0,,1010,SongSelect,-,3,0
63,0,0,0,12,100,-,-,62,0,0,1,0,25,0,achievement_025,1011,SongSelect,-,3,0
64,0,0,0,13,50,-,-,0,3,1,25,0,0,0,,1101,Home,-,3,0
65,0,0,0,13,250,-,-,64,3,1,25,0,0,0,,1102,Home,-,3,0
66,0,0,0,13,500,-,-,65,0,0,1,0,26,0,achievement_026,1103,Home,-,3,0
72,0,0,0,16,1,-,-,0,201,8,1,0,0,0,,1401,"SongSelect,Change",-,1,0
73,0,0,0,17,3,-,-,0,301,9,1,0,0,0,,1402,Home,-,1,0
74,0,0,0,40,5,-,-,0,403,2,1000,0,0,0,,1403,Home,-,1,0
75,0,0,0,18,3,1,-,0,21,6,1,0,0,0,,1405,Home,-,1,0
77,0,0,0,12,1,-,-,0,3,1,25,0,0,0,,1000,SongSelect,-,3,0
78,0,0,0,10,200,-,-,49,3,1,25,0,0,0,,803,Home,-,3,0
79,0,0,0,10,365,-,-,78,0,0,1,0,317,0,achievement_006,804,Home,-,3,0
80,0,0,0,10,500,-,-,79,3,1,50,0,0,0,,805,Home,-,3,0
93,0,0,0,47,52,2,-,0,0,0,1,0,367,0,achievement_367,1601,SongSelect,-,3,0
94,0,0,0,1,5000,-,-,6,3,1,100,0,0,0,,7,SongSelect,-,3,0
95,0,0,0,1,10000,-,-,94,0,0,1,0,440,0,achievement_006,8,SongSelect,-,3,0
96,0,0,0,3,1000000,-,-,14,0,0,1,0,441,0,achievement_007,34,SongSelect,-,3,0
97,0,0,0,5,100,-,-,31,3,1,50,0,0,0,,303,Gasha,-,3,0
98,0,0,0,5,200,-,-,97,0,0,1,0,442,0,achievement_007,304,Gasha,-,3,0
99,0,0,0,5,300,-,-,98,3,1,50,0,0,0,,305,Gasha,-,3,0
100,0,0,0,6,25,2500,-,34,3,1,50,0,0,0,,405,SongSelect,-,3,0
101,0,0,0,6,50,2500,-,100,0,0,1,0,443,0,achievement_007,406,SongSelect,-,3,0
102,0,0,0,6,25,5000,-,100,3,1,50,0,0,0,,407,SongSelect,-,3,0
106,0,0,0,7,150,-,-,39,3,1,150,0,0,0,,505,SongSelect,-,3,0
107,0,0,0,7,200,-,-,106,0,0,1,0,446,0,achievement_007,506,SongSelect,-,3,0
108,0,0,0,7,250,-,-,107,3,1,200,0,0,0,,507,SongSelect,-,3,0
109,0,0,0,7,300,-,-,108,0,0,1,0,447,0,achievement_007,508,SongSelect,-,3,0
112,0,0,0,9,100,-,-,47,0,0,1,0,449,0,achievement_007,707,Gasha,-,3,0
113,0,0,0,9,150,-,-,112,0,0,1,0,450,0,achievement_007,708,Gasha,-,3,0
114,0,0,0,9,200,-,-,113,0,0,1,0,451,0,achievement_007,709,Gasha,-,3,0
115,0,0,0,47,52,7,-,0,0,0,1,0,398,0,achievement_367,1602,SongSelect,-,3,0
116,0,0,0,47,52,16,-,0,0,0,1,0,735,0,achievement_735,1603,SongSelect,-,3,0
117,0,0,0,47,52,17,-,0,0,0,1,0,736,0,achievement_736,1604,SongSelect,-,3,0
118,0,0,0,64,1,373,-,0,6000,9,1,0,0,0,,1700,"Navi,Shop",-,3,0
119,0,0,0,64,1,373,-,0,0,0,1,0,0,64,hmt001,1700,"Navi,Shop",-,3,0
120,0,0,0,66,1,201,64,0,6001,7,1,0,0,0,,1701,SongSelect,-,3,0
121,0,0,0,65,1,201,64,0,6002,7,1,0,0,0,,1702,SongSelect,-,3,0
122,0,0,0,55,3,201,64,0,6003,7,1,0,0,0,,1703,SongSelect,-,3,0
123,0,0,0,50,1,201,-,127,6000,9,1,0,0,0,,1704,SongSelect,-,3,0
124,0,0,0,57,1,373,-,0,6000,9,1,0,0,0,,1705,IdolAwakening,-,3,0
125,0,0,0,57,1,373,-,0,0,0,1,0,754,0,achievement_310,1705,IdolAwakening,-,3,0
126,0,0,0,54,1,373,-,0,6000,9,1,0,0,0,,1706,"StorySelect2,GuestStorySelect,2",-,3,0
127,0,0,0,67,3,373,-,0,3,1,50,0,0,0,,1707,IdolMasterLesson,-,3,0
128,0,0,0,67,4,373,-,0,0,0,1,0,755,0,achievement_311,1708,IdolMasterLesson,-,3,0
130,0,0,0,73,1000,-,-,0,0,0,1,0,862,0,achievement_006,201,SongSelect,-,3,0
131,0,0,0,70,1000,-,-,0,0,0,1,0,863,0,achievement_006,202,SongSelect,-,3,0
132,0,0,0,71,1000,-,-,0,0,0,1,0,864,0,achievement_006,203,SongSelect,-,3,0
133,0,0,0,72,1000,-,-,0,0,0,1,0,865,0,achievement_006,204,SongSelect,-,3,0
134,0,0,0,37,500,-,-,0,3,1,50,0,0,0,,205,SongSelect,-,3,0
135,0,0,0,37,1000,-,-,134,"3,0","1,0","50,1","0,0","0,866","0,0",",achievement_006",206,SongSelect,-,3,0
136,0,0,0,37,1500,-,-,135,3,1,50,0,0,0,,207,SongSelect,-,3,0
137,0,0,0,37,2000,-,-,136,"3,0","1,0","50,1","0,0","0,867","0,0",",achievement_006",208,SongSelect,-,3,0
138,0,0,0,37,2500,-,-,137,3,1,50,0,0,0,,209,SongSelect,-,3,0
139,0,0,0,37,3000,-,-,138,"3,0","1,0","50,1","0,0","0,868","0,0",",achievement_006",210,SongSelect,-,3,0
140,0,0,0,37,3250,-,-,139,3,1,50,0,0,0,,211,SongSelect,-,3,0
141,0,0,0,37,3500,-,-,140,"3,0","1,0","50,1","0,0","0,869","0,0",",achievement_006",212,SongSelect,-,3,0
142,0,0,0,37,3750,-,-,141,3,1,50,0,0,0,,213,SongSelect,-,3,0
143,0,0,0,37,4000,-,-,142,"3,0","1,0","500,1","0,0","0,870","0,0",",achievement_006",214,SongSelect,-,3,0
144,0,0,0,37,4100,-,-,143,3,1,100,0,0,0,,215,SongSelect,-,3,0
145,0,0,0,37,4200,-,-,144,3,1,100,0,0,0,,216,SongSelect,-,3,0
146,0,0,0,37,4300,-,-,145,3,1,100,0,0,0,,217,SongSelect,-,3,0
147,0,0,0,37,4400,-,-,146,3,1,100,0,0,0,,218,SongSelect,-,3,0
148,0,0,0,37,4500,-,-,147,"3,0","1,0","100,1","0,0","0,871","0,0",",achievement_006",219,SongSelect,-,3,0
149,0,0,0,37,4600,-,-,148,3,1,100,0,0,0,,220,SongSelect,-,3,0
150,0,0,0,37,4700,-,-,149,3,1,100,0,0,0,,221,SongSelect,-,3,0
155,0,0,0,47,52,23,-,0,0,0,1,0,952,0,achievement_367,1605,SongSelect,-,3,0
156,0,0,0,47,52,36,-,0,0,0,1,0,1305,0,achievement_1305,1606,SongSelect,-,3,0
157,0,0,0,47,52,38,-,0,0,0,1,0,1306,0,achievement_1306,1607,SongSelect,-,3,0
170,0,0,0,76,20,-,-,0,3,1,50,0,0,0,,1680,Offer2,-,3,0
171,0,0,0,76,60,-,-,170,3,1,50,0,0,0,,1681,Offer2,-,3,0
223,0,0,0,47,52,56,-,0,0,0,1,0,1494,0,achievement_367,1609,SongSelect,-,3,0
20000,0,0,0,60,13,7,-,0,3,1,1000,0,0,0,,100,Home,-,105,0
20001,0,0,0,60,26,7,-,20000,3,1,1000,0,0,0,,101,Home,-,105,0
20002,0,0,0,60,39,7,-,20001,3,1,1000,0,0,0,,102,Home,-,105,0
20003,0,0,0,60,52,7,-,20002,3,1,2500,0,0,0,,103,Home,-,105,0
20004,0,0,0,60,52,7,-,20002,0,0,1,0,1329,0,achievement_026,104,Home,-,105,0
20101,0,0,0,69,1,1,-,0,5101,22,1,0,0,0,,2,SongSelect,"2, 1",105,0
20102,0,0,0,68,1,1,-,0,5101,22,1,0,0,0,,3,SongSelect,"2, 1",105,0
20103,0,0,0,49,50,1,-,0,5101,22,1,0,0,0,,6,SongSelect,"2, 1",105,0
20104,0,0,0,63,1,1,-,0,5101,22,1,0,0,0,,8,StorySelect2,"2, 1",105,0
20105,0,0,0,55,1,1,99,0,5101,22,1,0,0,0,,1,SongSelect,"2, 1",105,0
20106,0,0,0,57,1,575,-,0,5101,22,1,0,0,0,,7,IdolAwakening,"2, 1",105,0
20107,0,0,0,75,1,dress,1,0,5101,22,1,0,0,0,,10,CostumeCheck,"2, 1",105,0
20108,0,0,0,75,1,thirteen,1,0,5101,22,1,0,0,0,,4,SongSelect,"2, 1",105,0
20109,0,0,0,75,1,mobile,1,0,5101,22,1,0,0,0,,9,Home,"2, 1",105,0
20110,0,0,0,74,1,"25,26",1,0,5101,22,1,0,0,0,,5,IdolGift,"2, 1",105,0
20111,0,0,0,62,1,575,-,0,3,1,100,0,0,0,,11,Home,"2, 1",105,0
20201,0,0,0,69,1,2,-,0,5102,22,1,0,0,0,,13,SongSelect,"2, 2",105,0
20202,0,0,0,68,1,2,-,0,5102,22,1,0,0,0,,14,SongSelect,"2, 2",105,0
20203,0,0,0,49,50,2,-,0,5102,22,1,0,0,0,,17,SongSelect,"2, 2",105,0
20204,0,0,0,63,1,2,-,0,5102,22,1,0,0,0,,19,StorySelect2,"2, 2",105,0
20205,0,0,0,55,1,2,99,0,5102,22,1,0,0,0,,12,SongSelect,"2, 2",105,0
20206,0,0,0,57,1,576,-,0,5102,22,1,0,0,0,,18,IdolAwakening,"2, 2",105,0
20207,0,0,0,75,1,dress,2,0,5102,22,1,0,0,0,,21,CostumeCheck,"2, 2",105,0
20208,0,0,0,75,1,thirteen,2,0,5102,22,1,0,0,0,,15,SongSelect,"2, 2",105,0
20209,0,0,0,75,1,mobile,2,0,5102,22,1,0,0,0,,20,Home,"2, 2",105,0
20210,0,0,0,74,1,"25,26",2,0,5102,22,1,0,0,0,,16,IdolGift,"2, 2",105,0
20211,0,0,0,62,1,576,-,0,3,1,100,0,0,0,,22,Home,"2, 2",105,0
20301,0,0,0,69,1,3,-,0,5103,22,1,0,0,0,,24,SongSelect,"2, 3",105,0
20302,0,0,0,68,1,3,-,0,5103,22,1,0,0,0,,25,SongSelect,"2, 3",105,0
20303,0,0,0,49,50,3,-,0,5103,22,1,0,0,0,,28,SongSelect,"2, 3",105,0
20304,0,0,0,63,1,3,-,0,5103,22,1,0,0,0,,30,StorySelect2,"2, 3",105,0
20305,0,0,0,55,1,3,99,0,5103,22,1,0,0,0,,23,SongSelect,"2, 3",105,0
20306,0,0,0,57,1,577,-,0,5103,22,1,0,0,0,,29,IdolAwakening,"2, 3",105,0
20307,0,0,0,75,1,dress,3,0,5103,22,1,0,0,0,,32,CostumeCheck,"2, 3",105,0
20308,0,0,0,75,1,thirteen,3,0,5103,22,1,0,0,0,,26,SongSelect,"2, 3",105,0
20309,0,0,0,75,1,mobile,3,0,5103,22,1,0,0,0,,31,Home,"2, 3",105,0
20310,0,0,0,74,1,"25,26",3,0,5103,22,1,0,0,0,,27,IdolGift,"2, 3",105,0
20311,0,0,0,62,1,577,-,0,3,1,100,0,0,0,,33,Home,"2, 3",105,0
20401,0,0,0,69,1,4,-,0,5104,22,1,0,0,0,,35,SongSelect,"2, 4",105,0
20402,0,0,0,68,1,4,-,0,5104,22,1,0,0,0,,36,SongSelect,"2, 4",105,0
20403,0,0,0,49,50,4,-,0,5104,22,1,0,0,0,,39,SongSelect,"2, 4",105,0
20404,0,0,0,63,1,4,-,0,5104,22,1,0,0,0,,41,StorySelect2,"2, 4",105,0
20405,0,0,0,55,1,4,99,0,5104,22,1,0,0,0,,34,SongSelect,"2, 4",105,0
20406,0,0,0,57,1,578,-,0,5104,22,1,0,0,0,,40,IdolAwakening,"2, 4",105,0
20407,0,0,0,75,1,dress,4,0,5104,22,1,0,0,0,,43,CostumeCheck,"2, 4",105,0
20408,0,0,0,75,1,thirteen,4,0,5104,22,1,0,0,0,,37,SongSelect,"2, 4",105,0
20409,0,0,0,75,1,mobile,4,0,5104,22,1,0,0,0,,42,Home,"2, 4",105,0
20410,0,0,0,74,1,"25,26",4,0,5104,22,1,0,0,0,,38,IdolGift,"2, 4",105,0
20411,0,0,0,62,1,578,-,0,3,1,100,0,0,0,,44,Home,"2, 4",105,0
20501,0,0,0,69,1,5,-,0,5105,22,1,0,0,0,,46,SongSelect,"2, 5",105,0
20502,0,0,0,68,1,5,-,0,5105,22,1,0,0,0,,47,SongSelect,"2, 5",105,0
20503,0,0,0,49,50,5,-,0,5105,22,1,0,0,0,,50,SongSelect,"2, 5",105,0
20504,0,0,0,63,1,5,-,0,5105,22,1,0,0,0,,52,StorySelect2,"2, 5",105,0
20505,0,0,0,55,1,5,99,0,5105,22,1,0,0,0,,45,SongSelect,"2, 5",105,0
20506,0,0,0,57,1,579,-,0,5105,22,1,0,0,0,,51,IdolAwakening,"2, 5",105,0
20507,0,0,0,75,1,dress,5,0,5105,22,1,0,0,0,,54,CostumeCheck,"2, 5",105,0
20508,0,0,0,75,1,thirteen,5,0,5105,22,1,0,0,0,,48,SongSelect,"2, 5",105,0
20509,0,0,0,75,1,mobile,5,0,5105,22,1,0,0,0,,53,Home,"2, 5",105,0
20510,0,0,0,74,1,"25,26",5,0,5105,22,1,0,0,0,,49,IdolGift,"2, 5",105,0
20511,0,0,0,62,1,579,-,0,3,1,100,0,0,0,,55,Home,"2, 5",105,0
20601,0,0,0,69,1,6,-,0,5106,22,1,0,0,0,,57,SongSelect,"2, 6",105,0
20602,0,0,0,68,1,6,-,0,5106,22,1,0,0,0,,58,SongSelect,"2, 6",105,0
20603,0,0,0,49,50,6,-,0,5106,22,1,0,0,0,,61,SongSelect,"2, 6",105,0
20604,0,0,0,63,1,6,-,0,5106,22,1,0,0,0,,63,StorySelect2,"2, 6",105,0
20605,0,0,0,55,1,6,99,0,5106,22,1,0,0,0,,56,SongSelect,"2, 6",105,0
20606,0,0,0,57,1,580,-,0,5106,22,1,0,0,0,,62,IdolAwakening,"2, 6",105,0
20607,0,0,0,75,1,dress,6,0,5106,22,1,0,0,0,,65,CostumeCheck,"2, 6",105,0
20608,0,0,0,75,1,thirteen,6,0,5106,22,1,0,0,0,,59,SongSelect,"2, 6",105,0
20609,0,0,0,75,1,mobile,6,0,5106,22,1,0,0,0,,64,Home,"2, 6",105,0
20610,0,0,0,74,1,"25,26",6,0,5106,22,1,0,0,0,,60,IdolGift,"2, 6",105,0
20611,0,0,0,62,1,580,-,0,3,1,100,0,0,0,,66,Home,"2, 6",105,0
20701,0,0,0,69,1,7,-,0,5107,22,1,0,0,0,,68,SongSelect,"2, 7",105,0
20702,0,0,0,68,1,7,-,0,5107,22,1,0,0,0,,69,SongSelect,"2, 7",105,0
20703,0,0,0,49,50,7,-,0,5107,22,1,0,0,0,,72,SongSelect,"2, 7",105,0
20704,0,0,0,63,1,7,-,0,5107,22,1,0,0,0,,74,StorySelect2,"2, 7",105,0
20705,0,0,0,55,1,7,99,0,5107,22,1,0,0,0,,67,SongSelect,"2, 7",105,0
20706,0,0,0,57,1,581,-,0,5107,22,1,0,0,0,,73,IdolAwakening,"2, 7",105,0
20707,0,0,0,75,1,dress,7,0,5107,22,1,0,0,0,,76,CostumeCheck,"2, 7",105,0
20708,0,0,0,75,1,thirteen,7,0,5107,22,1,0,0,0,,70,SongSelect,"2, 7",105,0
20709,0,0,0,75,1,mobile,7,0,5107,22,1,0,0,0,,75,Home,"2, 7",105,0
20710,0,0,0,74,1,"25,26",7,0,5107,22,1,0,0,0,,71,IdolGift,"2, 7",105,0
20711,0,0,0,62,1,581,-,0,3,1,100,0,0,0,,77,Home,"2, 7",105,0
20801,0,0,0,69,1,8,-,0,5108,22,1,0,0,0,,79,SongSelect,"2, 8",105,0
20802,0,0,0,68,1,8,-,0,5108,22,1,0,0,0,,80,SongSelect,"2, 8",105,0
20803,0,0,0,49,50,8,-,0,5108,22,1,0,0,0,,83,SongSelect,"2, 8",105,0
20804,0,0,0,63,1,8,-,0,5108,22,1,0,0,0,,85,StorySelect2,"2, 8",105,0
20805,0,0,0,55,1,8,99,0,5108,22,1,0,0,0,,78,SongSelect,"2, 8",105,0
20806,0,0,0,57,1,582,-,0,5108,22,1,0,0,0,,84,IdolAwakening,"2, 8",105,0
20807,0,0,0,75,1,dress,8,0,5108,22,1,0,0,0,,87,CostumeCheck,"2, 8",105,0
20808,0,0,0,75,1,thirteen,8,0,5108,22,1,0,0,0,,81,SongSelect,"2, 8",105,0
20809,0,0,0,75,1,mobile,8,0,5108,22,1,0,0,0,,86,Home,"2, 8",105,0
20810,0,0,0,74,1,"25,26",8,0,5108,22,1,0,0,0,,82,IdolGift,"2, 8",105,0
20811,0,0,0,62,1,582,-,0,3,1,100,0,0,0,,88,Home,"2, 8",105,0
20901,0,0,0,69,1,9,-,0,5109,22,1,0,0,0,,90,SongSelect,"2, 9",105,0
20902,0,0,0,68,1,9,-,0,5109,22,1,0,0,0,,91,SongSelect,"2, 9",105,0
20903,0,0,0,49,50,9,-,0,5109,22,1,0,0,0,,94,SongSelect,"2, 9",105,0
20904,0,0,0,63,1,9,-,0,5109,22,1,0,0,0,,96,StorySelect2,"2, 9",105,0
20905,0,0,0,55,1,9,99,0,5109,22,1,0,0,0,,89,SongSelect,"2, 9",105,0
20906,0,0,0,57,1,583,-,0,5109,22,1,0,0,0,,95,IdolAwakening,"2, 9",105,0
20907,0,0,0,75,1,dress,9,0,5109,22,1,0,0,0,,98,CostumeCheck,"2, 9",105,0
20908,0,0,0,75,1,thirteen,9,0,5109,22,1,0,0,0,,92,SongSelect,"2, 9",105,0
20909,0,0,0,75,1,mobile,9,0,5109,22,1,0,0,0,,97,Home,"2, 9",105,0
20910,0,0,0,74,1,"25,26",9,0,5109,22,1,0,0,0,,93,IdolGift,"2, 9",105,0
20911,0,0,0,62,1,583,-,0,3,1,100,0,0,0,,99,Home,"2, 9",105,0
21001,0,0,0,69,1,10,-,0,5110,22,1,0,0,0,,101,SongSelect,"2, 10",105,0
21002,0,0,0,68,1,10,-,0,5110,22,1,0,0,0,,102,SongSelect,"2, 10",105,0
21003,0,0,0,49,50,10,-,0,5110,22,1,0,0,0,,105,SongSelect,"2, 10",105,0
21004,0,0,0,63,1,10,-,0,5110,22,1,0,0,0,,107,StorySelect2,"2, 10",105,0
21005,0,0,0,55,1,10,99,0,5110,22,1,0,0,0,,100,SongSelect,"2, 10",105,0
21006,0,0,0,57,1,584,-,0,5110,22,1,0,0,0,,106,IdolAwakening,"2, 10",105,0
21007,0,0,0,75,1,dress,10,0,5110,22,1,0,0,0,,109,CostumeCheck,"2, 10",105,0
21008,0,0,0,75,1,thirteen,10,0,5110,22,1,0,0,0,,103,SongSelect,"2, 10",105,0
21009,0,0,0,75,1,mobile,10,0,5110,22,1,0,0,0,,108,Home,"2, 10",105,0
21010,0,0,0,74,1,"25,26",10,0,5110,22,1,0,0,0,,104,IdolGift,"2, 10",105,0
21011,0,0,0,62,1,584,-,0,3,1,100,0,0,0,,110,Home,"2, 10",105,0
21101,0,0,0,69,1,11,-,0,5111,22,1,0,0,0,,112,SongSelect,"2, 11",105,0
21102,0,0,0,68,1,11,-,0,5111,22,1,0,0,0,,113,SongSelect,"2, 11",105,0
21103,0,0,0,49,50,11,-,0,5111,22,1,0,0,0,,116,SongSelect,"2, 11",105,0
21104,0,0,0,63,1,11,-,0,5111,22,1,0,0,0,,118,StorySelect2,"2, 11",105,0
21105,0,0,0,55,1,11,99,0,5111,22,1,0,0,0,,111,SongSelect,"2, 11",105,0
21106,0,0,0,57,1,585,-,0,5111,22,1,0,0,0,,117,IdolAwakening,"2, 11",105,0
21107,0,0,0,75,1,dress,11,0,5111,22,1,0,0,0,,120,CostumeCheck,"2, 11",105,0
21108,0,0,0,75,1,thirteen,11,0,5111,22,1,0,0,0,,114,SongSelect,"2, 11",105,0
21109,0,0,0,75,1,mobile,11,0,5111,22,1,0,0,0,,119,Home,"2, 11",105,0
21110,0,0,0,74,1,"25,26",11,0,5111,22,1,0,0,0,,115,IdolGift,"2, 11",105,0
21111,0,0,0,62,1,585,-,0,3,1,100,0,0,0,,121,Home,"2, 11",105,0
21201,0,0,0,69,1,12,-,0,5112,22,1,0,0,0,,123,SongSelect,"2, 12",105,0
21202,0,0,0,68,1,12,-,0,5112,22,1,0,0,0,,124,SongSelect,"2, 12",105,0
21203,0,0,0,49,50,12,-,0,5112,22,1,0,0,0,,127,SongSelect,"2, 12",105,0
21204,0,0,0,63,1,12,-,0,5112,22,1,0,0,0,,129,StorySelect2,"2, 12",105,0
21205,0,0,0,55,1,12,99,0,5112,22,1,0,0,0,,122,SongSelect,"2, 12",105,0
21206,0,0,0,57,1,586,-,0,5112,22,1,0,0,0,,128,IdolAwakening,"2, 12",105,0
21207,0,0,0,75,1,dress,12,0,5112,22,1,0,0,0,,131,CostumeCheck,"2, 12",105,0
21208,0,0,0,75,1,thirteen,12,0,5112,22,1,0,0,0,,125,SongSelect,"2, 12",105,0
21209,0,0,0,75,1,mobile,12,0,5112,22,1,0,0,0,,130,Home,"2, 12",105,0
21210,0,0,0,74,1,"25,26",12,0,5112,22,1,0,0,0,,126,IdolGift,"2, 12",105,0
21211,0,0,0,62,1,586,-,0,3,1,100,0,0,0,,132,Home,"2, 12",105,0
21301,0,0,0,69,1,13,-,0,5113,22,1,0,0,0,,134,SongSelect,"2, 13",105,0
21302,0,0,0,68,1,13,-,0,5113,22,1,0,0,0,,135,SongSelect,"2, 13",105,0
21303,0,0,0,49,50,13,-,0,5113,22,1,0,0,0,,138,SongSelect,"2, 13",105,0
21304,0,0,0,63,1,13,-,0,5113,22,1,0,0,0,,140,StorySelect2,"2, 13",105,0
21305,0,0,0,55,1,13,99,0,5113,22,1,0,0,0,,133,SongSelect,"2, 13",105,0
21306,0,0,0,57,1,587,-,0,5113,22,1,0,0,0,,139,IdolAwakening,"2, 13",105,0
21307,0,0,0,75,1,dress,13,0,5113,22,1,0,0,0,,142,CostumeCheck,"2, 13",105,0
21308,0,0,0,75,1,thirteen,13,0,5113,22,1,0,0,0,,136,SongSelect,"2, 13",105,0
21309,0,0,0,75,1,mobile,13,0,5113,22,1,0,0,0,,141,Home,"2, 13",105,0
21310,0,0,0,74,1,"25,26",13,0,5113,22,1,0,0,0,,137,IdolGift,"2, 13",105,0
21311,0,0,0,62,1,587,-,0,3,1,100,0,0,0,,143,Home,"2, 13",105,0
21401,0,0,0,69,1,14,-,0,5114,22,1,0,0,0,,145,SongSelect,"2, 14",105,0
21402,0,0,0,68,1,14,-,0,5114,22,1,0,0,0,,146,SongSelect,"2, 14",105,0
21403,0,0,0,49,50,14,-,0,5114,22,1,0,0,0,,149,SongSelect,"2, 14",105,0
21404,0,0,0,63,1,14,-,0,5114,22,1,0,0,0,,151,StorySelect2,"2, 14",105,0
21405,0,0,0,55,1,14,95,0,5114,22,1,0,0,0,,144,SongSelect,"2, 14",105,0
21406,0,0,0,57,1,588,-,0,5114,22,1,0,0,0,,150,IdolAwakening,"2, 14",105,0
21407,0,0,0,75,1,dress,14,0,5114,22,1,0,0,0,,153,CostumeCheck,"2, 14",105,0
21408,0,0,0,75,1,thirteen,14,0,5114,22,1,0,0,0,,147,SongSelect,"2, 14",105,0
21409,0,0,0,75,1,mobile,14,0,5114,22,1,0,0,0,,152,Home,"2, 14",105,0
21410,0,0,0,74,1,"25,26",14,0,5114,22,1,0,0,0,,148,IdolGift,"2, 14",105,0
21411,0,0,0,62,1,588,-,0,3,1,100,0,0,0,,154,Home,"2, 14",105,0
21501,0,0,0,69,1,15,-,0,5115,22,1,0,0,0,,156,SongSelect,"2, 15",105,0
21502,0,0,0,68,1,15,-,0,5115,22,1,0,0,0,,157,SongSelect,"2, 15",105,0
21503,0,0,0,49,50,15,-,0,5115,22,1,0,0,0,,160,SongSelect,"2, 15",105,0
21504,0,0,0,63,1,15,-,0,5115,22,1,0,0,0,,162,StorySelect2,"2, 15",105,0
21505,0,0,0,55,1,15,75,0,5115,22,1,0,0,0,,155,SongSelect,"2, 15",105,0
21506,0,0,0,57,1,589,-,0,5115,22,1,0,0,0,,161,IdolAwakening,"2, 15",105,0
21507,0,0,0,75,1,dress,15,0,5115,22,1,0,0,0,,164,CostumeCheck,"2, 15",105,0
21508,0,0,0,75,1,thirteen,15,0,5115,22,1,0,0,0,,158,SongSelect,"2, 15",105,0
21509,0,0,0,75,1,mobile,15,0,5115,22,1,0,0,0,,163,Home,"2, 15",105,0
21510,0,0,0,74,1,"25,26",15,0,5115,22,1,0,0,0,,159,IdolGift,"2, 15",105,0
21511,0,0,0,62,1,589,-,0,3,1,100,0,0,0,,165,Home,"2, 15",105,0
21601,0,0,0,69,1,16,-,0,5116,22,1,0,0,0,,167,SongSelect,"2, 16",105,0
21602,0,0,0,68,1,16,-,0,5116,22,1,0,0,0,,168,SongSelect,"2, 16",105,0
21603,0,0,0,49,50,16,-,0,5116,22,1,0,0,0,,171,SongSelect,"2, 16",105,0
21604,0,0,0,63,1,16,-,0,5116,22,1,0,0,0,,173,StorySelect2,"2, 16",105,0
21605,0,0,0,55,1,16,77,0,5116,22,1,0,0,0,,166,SongSelect,"2, 16",105,0
21606,0,0,0,57,1,590,-,0,5116,22,1,0,0,0,,172,IdolAwakening,"2, 16",105,0
21607,0,0,0,75,1,dress,16,0,5116,22,1,0,0,0,,175,CostumeCheck,"2, 16",105,0
21608,0,0,0,75,1,thirteen,16,0,5116,22,1,0,0,0,,169,SongSelect,"2, 16",105,0
21609,0,0,0,75,1,mobile,16,0,5116,22,1,0,0,0,,174,Home,"2, 16",105,0
21610,0,0,0,74,1,"25,26",16,0,5116,22,1,0,0,0,,170,IdolGift,"2, 16",105,0
21611,0,0,0,62,1,590,-,0,3,1,100,0,0,0,,176,Home,"2, 16",105,0
21701,0,0,0,69,1,17,-,0,5117,22,1,0,0,0,,178,SongSelect,"2, 17",105,0
21702,0,0,0,68,1,17,-,0,5117,22,1,0,0,0,,179,SongSelect,"2, 17",105,0
21703,0,0,0,49,50,17,-,0,5117,22,1,0,0,0,,182,SongSelect,"2, 17",105,0
21704,0,0,0,63,1,17,-,0,5117,22,1,0,0,0,,184,StorySelect2,"2, 17",105,0
21705,0,0,0,55,1,17,95,0,5117,22,1,0,0,0,,177,SongSelect,"2, 17",105,0
21706,0,0,0,57,1,591,-,0,5117,22,1,0,0,0,,183,IdolAwakening,"2, 17",105,0
21707,0,0,0,75,1,dress,17,0,5117,22,1,0,0,0,,186,CostumeCheck,"2, 17",105,0
21708,0,0,0,75,1,thirteen,17,0,5117,22,1,0,0,0,,180,SongSelect,"2, 17",105,0
21709,0,0,0,75,1,mobile,17,0,5117,22,1,0,0,0,,185,Home,"2, 17",105,0
21710,0,0,0,74,1,"25,26",17,0,5117,22,1,0,0,0,,181,IdolGift,"2, 17",105,0
21711,0,0,0,62,1,591,-,0,3,1,100,0,0,0,,187,Home,"2, 17",105,0
21801,0,0,0,69,1,18,-,0,5118,22,1,0,0,0,,189,SongSelect,"2, 18",105,0
21802,0,0,0,68,1,18,-,0,5118,22,1,0,0,0,,190,SongSelect,"2, 18",105,0
21803,0,0,0,49,50,18,-,0,5118,22,1,0,0,0,,193,SongSelect,"2, 18",105,0
21804,0,0,0,63,1,18,-,0,5118,22,1,0,0,0,,195,StorySelect2,"2, 18",105,0
21805,0,0,0,55,1,18,48,0,5118,22,1,0,0,0,,188,SongSelect,"2, 18",105,0
21806,0,0,0,57,1,592,-,0,5118,22,1,0,0,0,,194,IdolAwakening,"2, 18",105,0
21807,0,0,0,75,1,dress,18,0,5118,22,1,0,0,0,,197,CostumeCheck,"2, 18",105,0
21808,0,0,0,75,1,thirteen,18,0,5118,22,1,0,0,0,,191,SongSelect,"2, 18",105,0
21809,0,0,0,75,1,mobile,18,0,5118,22,1,0,0,0,,196,Home,"2, 18",105,0
21810,0,0,0,74,1,"25,26",18,0,5118,22,1,0,0,0,,192,IdolGift,"2, 18",105,0
21811,0,0,0,62,1,592,-,0,3,1,100,0,0,0,,198,Home,"2, 18",105,0
21901,0,0,0,69,1,19,-,0,5119,22,1,0,0,0,,200,SongSelect,"2, 19",105,0
21902,0,0,0,68,1,19,-,0,5119,22,1,0,0,0,,201,SongSelect,"2, 19",105,0
21903,0,0,0,49,50,19,-,0,5119,22,1,0,0,0,,204,SongSelect,"2, 19",105,0
21904,0,0,0,63,1,19,-,0,5119,22,1,0,0,0,,206,StorySelect2,"2, 19",105,0
21905,0,0,0,55,1,19,60,0,5119,22,1,0,0,0,,199,SongSelect,"2, 19",105,0
21906,0,0,0,57,1,593,-,0,5119,22,1,0,0,0,,205,IdolAwakening,"2, 19",105,0
21907,0,0,0,75,1,dress,19,0,5119,22,1,0,0,0,,208,CostumeCheck,"2, 19",105,0
21908,0,0,0,75,1,thirteen,19,0,5119,22,1,0,0,0,,202,SongSelect,"2, 19",105,0
21909,0,0,0,75,1,mobile,19,0,5119,22,1,0,0,0,,207,Home,"2, 19",105,0
21910,0,0,0,74,1,"25,26",19,0,5119,22,1,0,0,0,,203,IdolGift,"2, 19",105,0
21911,0,0,0,62,1,593,-,0,3,1,100,0,0,0,,209,Home,"2, 19",105,0
22001,0,0,0,69,1,20,-,0,5120,22,1,0,0,0,,211,SongSelect,"2, 20",105,0
22002,0,0,0,68,1,20,-,0,5120,22,1,0,0,0,,212,SongSelect,"2, 20",105,0
22003,0,0,0,49,50,20,-,0,5120,22,1,0,0,0,,215,SongSelect,"2, 20",105,0
22004,0,0,0,63,1,20,-,0,5120,22,1,0,0,0,,217,StorySelect2,"2, 20",105,0
22005,0,0,0,55,1,20,46,0,5120,22,1,0,0,0,,210,SongSelect,"2, 20",105,0
22006,0,0,0,57,1,594,-,0,5120,22,1,0,0,0,,216,IdolAwakening,"2, 20",105,0
22007,0,0,0,75,1,dress,20,0,5120,22,1,0,0,0,,219,CostumeCheck,"2, 20",105,0
22008,0,0,0,75,1,thirteen,20,0,5120,22,1,0,0,0,,213,SongSelect,"2, 20",105,0
22009,0,0,0,75,1,mobile,20,0,5120,22,1,0,0,0,,218,Home,"2, 20",105,0
22010,0,0,0,74,1,"25,26",20,0,5120,22,1,0,0,0,,214,IdolGift,"2, 20",105,0
22011,0,0,0,62,1,594,-,0,3,1,100,0,0,0,,220,Home,"2, 20",105,0
22101,0,0,0,69,1,21,-,0,5121,22,1,0,0,0,,222,SongSelect,"2, 21",105,0
22102,0,0,0,68,1,21,-,0,5121,22,1,0,0,0,,223,SongSelect,"2, 21",105,0
22103,0,0,0,49,50,21,-,0,5121,22,1,0,0,0,,226,SongSelect,"2, 21",105,0
22104,0,0,0,63,1,21,-,0,5121,22,1,0,0,0,,228,StorySelect2,"2, 21",105,0
22105,0,0,0,55,1,21,81,0,5121,22,1,0,0,0,,221,SongSelect,"2, 21",105,0
22106,0,0,0,57,1,595,-,0,5121,22,1,0,0,0,,227,IdolAwakening,"2, 21",105,0
22107,0,0,0,75,1,dress,21,0,5121,22,1,0,0,0,,230,CostumeCheck,"2, 21",105,0
22108,0,0,0,75,1,thirteen,21,0,5121,22,1,0,0,0,,224,SongSelect,"2, 21",105,0
22109,0,0,0,75,1,mobile,21,0,5121,22,1,0,0,0,,229,Home,"2, 21",105,0
22110,0,0,0,74,1,"25,26",21,0,5121,22,1,0,0,0,,225,IdolGift,"2, 21",105,0
22111,0,0,0,62,1,595,-,0,3,1,100,0,0,0,,231,Home,"2, 21",105,0
22201,0,0,0,69,1,22,-,0,5122,22,1,0,0,0,,233,SongSelect,"2, 22",105,0
22202,0,0,0,68,1,22,-,0,5122,22,1,0,0,0,,234,SongSelect,"2, 22",105,0
22203,0,0,0,49,50,22,-,0,5122,22,1,0,0,0,,237,SongSelect,"2, 22",105,0
22204,0,0,0,63,1,22,-,0,5122,22,1,0,0,0,,239,StorySelect2,"2, 22",105,0
22205,0,0,0,55,1,22,89,0,5122,22,1,0,0,0,,232,SongSelect,"2, 22",105,0
22206,0,0,0,57,1,596,-,0,5122,22,1,0,0,0,,238,IdolAwakening,"2, 22",105,0
22207,0,0,0,75,1,dress,22,0,5122,22,1,0,0,0,,241,CostumeCheck,"2, 22",105,0
22208,0,0,0,75,1,thirteen,22,0,5122,22,1,0,0,0,,235,SongSelect,"2, 22",105,0
22209,0,0,0,75,1,mobile,22,0,5122,22,1,0,0,0,,240,Home,"2, 22",105,0
22210,0,0,0,74,1,"25,26",22,0,5122,22,1,0,0,0,,236,IdolGift,"2, 22",105,0
22211,0,0,0,62,1,596,-,0,3,1,100,0,0,0,,242,Home,"2, 22",105,0
22301,0,0,0,69,1,23,-,0,5123,22,1,0,0,0,,244,SongSelect,"2, 23",105,0
22302,0,0,0,68,1,23,-,0,5123,22,1,0,0,0,,245,SongSelect,"2, 23",105,0
22303,0,0,0,49,50,23,-,0,5123,22,1,0,0,0,,248,SongSelect,"2, 23",105,0
22304,0,0,0,63,1,23,-,0,5123,22,1,0,0,0,,250,StorySelect2,"2, 23",105,0
22305,0,0,0,55,1,23,77,0,5123,22,1,0,0,0,,243,SongSelect,"2, 23",105,0
22306,0,0,0,57,1,597,-,0,5123,22,1,0,0,0,,249,IdolAwakening,"2, 23",105,0
22307,0,0,0,75,1,dress,23,0,5123,22,1,0,0,0,,252,CostumeCheck,"2, 23",105,0
22308,0,0,0,75,1,thirteen,23,0,5123,22,1,0,0,0,,246,SongSelect,"2, 23",105,0
22309,0,0,0,75,1,mobile,23,0,5123,22,1,0,0,0,,251,Home,"2, 23",105,0
22310,0,0,0,74,1,"25,26",23,0,5123,22,1,0,0,0,,247,IdolGift,"2, 23",105,0
22311,0,0,0,62,1,597,-,0,3,1,100,0,0,0,,253,Home,"2, 23",105,0
22401,0,0,0,69,1,24,-,0,5124,22,1,0,0,0,,255,SongSelect,"2, 24",105,0
22402,0,0,0,68,1,24,-,0,5124,22,1,0,0,0,,256,SongSelect,"2, 24",105,0
22403,0,0,0,49,50,24,-,0,5124,22,1,0,0,0,,259,SongSelect,"2, 24",105,0
22404,0,0,0,63,1,24,-,0,5124,22,1,0,0,0,,261,StorySelect2,"2, 24",105,0
22405,0,0,0,55,1,24,89,0,5124,22,1,0,0,0,,254,SongSelect,"2, 24",105,0
22406,0,0,0,57,1,598,-,0,5124,22,1,0,0,0,,260,IdolAwakening,"2, 24",105,0
22407,0,0,0,75,1,dress,24,0,5124,22,1,0,0,0,,263,CostumeCheck,"2, 24",105,0
22408,0,0,0,75,1,thirteen,24,0,5124,22,1,0,0,0,,257,SongSelect,"2, 24",105,0
22409,0,0,0,75,1,mobile,24,0,5124,22,1,0,0,0,,262,Home,"2, 24",105,0
22410,0,0,0,74,1,"25,26",24,0,5124,22,1,0,0,0,,258,IdolGift,"2, 24",105,0
22411,0,0,0,62,1,598,-,0,3,1,100,0,0,0,,264,Home,"2, 24",105,0
22501,0,0,0,69,1,25,-,0,5125,22,1,0,0,0,,266,SongSelect,"2, 25",105,0
22502,0,0,0,68,1,25,-,0,5125,22,1,0,0,0,,267,SongSelect,"2, 25",105,0
22503,0,0,0,49,50,25,-,0,5125,22,1,0,0,0,,270,SongSelect,"2, 25",105,0
22504,0,0,0,63,1,25,-,0,5125,22,1,0,0,0,,272,StorySelect2,"2, 25",105,0
22505,0,0,0,55,1,25,86,0,5125,22,1,0,0,0,,265,SongSelect,"2, 25",105,0
22506,0,0,0,57,1,599,-,0,5125,22,1,0,0,0,,271,IdolAwakening,"2, 25",105,0
22507,0,0,0,75,1,dress,25,0,5125,22,1,0,0,0,,274,CostumeCheck,"2, 25",105,0
22508,0,0,0,75,1,thirteen,25,0,5125,22,1,0,0,0,,268,SongSelect,"2, 25",105,0
22509,0,0,0,75,1,mobile,25,0,5125,22,1,0,0,0,,273,Home,"2, 25",105,0
22510,0,0,0,74,1,"25,26",25,0,5125,22,1,0,0,0,,269,IdolGift,"2, 25",105,0
22511,0,0,0,62,1,599,-,0,3,1,100,0,0,0,,275,Home,"2, 25",105,0
22601,0,0,0,69,1,26,-,0,5126,22,1,0,0,0,,277,SongSelect,"2, 26",105,0
22602,0,0,0,68,1,26,-,0,5126,22,1,0,0,0,,278,SongSelect,"2, 26",105,0
22603,0,0,0,49,50,26,-,0,5126,22,1,0,0,0,,281,SongSelect,"2, 26",105,0
22604,0,0,0,63,1,26,-,0,5126,22,1,0,0,0,,283,StorySelect2,"2, 26",105,0
22605,0,0,0,55,1,26,51,0,5126,22,1,0,0,0,,276,SongSelect,"2, 26",105,0
22606,0,0,0,57,1,600,-,0,5126,22,1,0,0,0,,282,IdolAwakening,"2, 26",105,0
22607,0,0,0,75,1,dress,26,0,5126,22,1,0,0,0,,285,CostumeCheck,"2, 26",105,0
22608,0,0,0,75,1,thirteen,26,0,5126,22,1,0,0,0,,279,SongSelect,"2, 26",105,0
22609,0,0,0,75,1,mobile,26,0,5126,22,1,0,0,0,,284,Home,"2, 26",105,0
22610,0,0,0,74,1,"25,26",26,0,5126,22,1,0,0,0,,280,IdolGift,"2, 26",105,0
22611,0,0,0,62,1,600,-,0,3,1,100,0,0,0,,286,Home,"2, 26",105,0
22701,0,0,0,69,1,27,-,0,5127,22,1,0,0,0,,288,SongSelect,"2, 27",105,0
22702,0,0,0,68,1,27,-,0,5127,22,1,0,0,0,,289,SongSelect,"2, 27",105,0
22703,0,0,0,49,50,27,-,0,5127,22,1,0,0,0,,292,SongSelect,"2, 27",105,0
22704,0,0,0,63,1,27,-,0,5127,22,1,0,0,0,,294,StorySelect2,"2, 27",105,0
22705,0,0,0,55,1,27,60,0,5127,22,1,0,0,0,,287,SongSelect,"2, 27",105,0
22706,0,0,0,57,1,601,-,0,5127,22,1,0,0,0,,293,IdolAwakening,"2, 27",105,0
22707,0,0,0,75,1,dress,27,0,5127,22,1,0,0,0,,296,CostumeCheck,"2, 27",105,0
22708,0,0,0,75,1,thirteen,27,0,5127,22,1,0,0,0,,290,SongSelect,"2, 27",105,0
22709,0,0,0,75,1,mobile,27,0,5127,22,1,0,0,0,,295,Home,"2, 27",105,0
22710,0,0,0,74,1,"25,26",27,0,5127,22,1,0,0,0,,291,IdolGift,"2, 27",105,0
22711,0,0,0,62,1,601,-,0,3,1,100,0,0,0,,297,Home,"2, 27",105,0
22801,0,0,0,69,1,28,-,0,5128,22,1,0,0,0,,299,SongSelect,"2, 28",105,0
22802,0,0,0,68,1,28,-,0,5128,22,1,0,0,0,,300,SongSelect,"2, 28",105,0
22803,0,0,0,49,50,28,-,0,5128,22,1,0,0,0,,303,SongSelect,"2, 28",105,0
22804,0,0,0,63,1,28,-,0,5128,22,1,0,0,0,,305,StorySelect2,"2, 28",105,0
22805,0,0,0,55,1,28,51,0,5128,22,1,0,0,0,,298,SongSelect,"2, 28",105,0
22806,0,0,0,57,1,602,-,0,5128,22,1,0,0,0,,304,IdolAwakening,"2, 28",105,0
22807,0,0,0,75,1,dress,28,0,5128,22,1,0,0,0,,307,CostumeCheck,"2, 28",105,0
22808,0,0,0,75,1,thirteen,28,0,5128,22,1,0,0,0,,301,SongSelect,"2, 28",105,0
22809,0,0,0,75,1,mobile,28,0,5128,22,1,0,0,0,,306,Home,"2, 28",105,0
22810,0,0,0,74,1,"25,26",28,0,5128,22,1,0,0,0,,302,IdolGift,"2, 28",105,0
22811,0,0,0,62,1,602,-,0,3,1,100,0,0,0,,308,Home,"2, 28",105,0
22901,0,0,0,69,1,29,-,0,5129,22,1,0,0,0,,310,SongSelect,"2, 29",105,0
22902,0,0,0,68,1,29,-,0,5129,22,1,0,0,0,,311,SongSelect,"2, 29",105,0
22903,0,0,0,49,50,29,-,0,5129,22,1,0,0,0,,314,SongSelect,"2, 29",105,0
22904,0,0,0,63,1,29,-,0,5129,22,1,0,0,0,,316,StorySelect2,"2, 29",105,0
22905,0,0,0,55,1,29,60,0,5129,22,1,0,0,0,,309,SongSelect,"2, 29",105,0
22906,0,0,0,57,1,603,-,0,5129,22,1,0,0,0,,315,IdolAwakening,"2, 29",105,0
22907,0,0,0,75,1,dress,29,0,5129,22,1,0,0,0,,318,CostumeCheck,"2, 29",105,0
22908,0,0,0,75,1,thirteen,29,0,5129,22,1,0,0,0,,312,SongSelect,"2, 29",105,0
22909,0,0,0,75,1,mobile,29,0,5129,22,1,0,0,0,,317,Home,"2, 29",105,0
22910,0,0,0,74,1,"25,26",29,0,5129,22,1,0,0,0,,313,IdolGift,"2, 29",105,0
22911,0,0,0,62,1,603,-,0,3,1,100,0,0,0,,319,Home,"2, 29",105,0
23001,0,0,0,69,1,30,-,0,5130,22,1,0,0,0,,321,SongSelect,"2, 30",105,0
23002,0,0,0,68,1,30,-,0,5130,22,1,0,0,0,,322,SongSelect,"2, 30",105,0
23003,0,0,0,49,50,30,-,0,5130,22,1,0,0,0,,325,SongSelect,"2, 30",105,0
23004,0,0,0,63,1,30,-,0,5130,22,1,0,0,0,,327,StorySelect2,"2, 30",105,0
23005,0,0,0,55,1,30,51,0,5130,22,1,0,0,0,,320,SongSelect,"2, 30",105,0
23006,0,0,0,57,1,604,-,0,5130,22,1,0,0,0,,326,IdolAwakening,"2, 30",105,0
23007,0,0,0,75,1,dress,30,0,5130,22,1,0,0,0,,329,CostumeCheck,"2, 30",105,0
23008,0,0,0,75,1,thirteen,30,0,5130,22,1,0,0,0,,323,SongSelect,"2, 30",105,0
23009,0,0,0,75,1,mobile,30,0,5130,22,1,0,0,0,,328,Home,"2, 30",105,0
23010,0,0,0,74,1,"25,26",30,0,5130,22,1,0,0,0,,324,IdolGift,"2, 30",105,0
23011,0,0,0,62,1,604,-,0,3,1,100,0,0,0,,330,Home,"2, 30",105,0
23101,0,0,0,69,1,31,-,0,5131,22,1,0,0,0,,332,SongSelect,"2, 31",105,0
23102,0,0,0,68,1,31,-,0,5131,22,1,0,0,0,,333,SongSelect,"2, 31",105,0
23103,0,0,0,49,50,31,-,0,5131,22,1,0,0,0,,336,SongSelect,"2, 31",105,0
23104,0,0,0,63,1,31,-,0,5131,22,1,0,0,0,,338,StorySelect2,"2, 31",105,0
23105,0,0,0,55,1,31,46,0,5131,22,1,0,0,0,,331,SongSelect,"2, 31",105,0
23106,0,0,0,57,1,605,-,0,5131,22,1,0,0,0,,337,IdolAwakening,"2, 31",105,0
23107,0,0,0,75,1,dress,31,0,5131,22,1,0,0,0,,340,CostumeCheck,"2, 31",105,0
23108,0,0,0,75,1,thirteen,31,0,5131,22,1,0,0,0,,334,SongSelect,"2, 31",105,0
23109,0,0,0,75,1,mobile,31,0,5131,22,1,0,0,0,,339,Home,"2, 31",105,0
23110,0,0,0,74,1,"25,26",31,0,5131,22,1,0,0,0,,335,IdolGift,"2, 31",105,0
23111,0,0,0,62,1,605,-,0,3,1,100,0,0,0,,341,Home,"2, 31",105,0
23201,0,0,0,69,1,32,-,0,5132,22,1,0,0,0,,343,SongSelect,"2, 32",105,0
23202,0,0,0,68,1,32,-,0,5132,22,1,0,0,0,,344,SongSelect,"2, 32",105,0
23203,0,0,0,49,50,32,-,0,5132,22,1,0,0,0,,347,SongSelect,"2, 32",105,0
23204,0,0,0,63,1,32,-,0,5132,22,1,0,0,0,,349,StorySelect2,"2, 32",105,0
23205,0,0,0,55,1,32,81,0,5132,22,1,0,0,0,,342,SongSelect,"2, 32",105,0
23206,0,0,0,57,1,606,-,0,5132,22,1,0,0,0,,348,IdolAwakening,"2, 32",105,0
23207,0,0,0,75,1,dress,32,0,5132,22,1,0,0,0,,351,CostumeCheck,"2, 32",105,0
23208,0,0,0,75,1,thirteen,32,0,5132,22,1,0,0,0,,345,SongSelect,"2, 32",105,0
23209,0,0,0,75,1,mobile,32,0,5132,22,1,0,0,0,,350,Home,"2, 32",105,0
23210,0,0,0,74,1,"25,26",32,0,5132,22,1,0,0,0,,346,IdolGift,"2, 32",105,0
23211,0,0,0,62,1,606,-,0,3,1,100,0,0,0,,352,Home,"2, 32",105,0
23301,0,0,0,69,1,33,-,0,5133,22,1,0,0,0,,354,SongSelect,"2, 33",105,0
23302,0,0,0,68,1,33,-,0,5133,22,1,0,0,0,,355,SongSelect,"2, 33",105,0
23303,0,0,0,49,50,33,-,0,5133,22,1,0,0,0,,358,SongSelect,"2, 33",105,0
23304,0,0,0,63,1,33,-,0,5133,22,1,0,0,0,,360,StorySelect2,"2, 33",105,0
23305,0,0,0,55,1,33,54,0,5133,22,1,0,0,0,,353,SongSelect,"2, 33",105,0
23306,0,0,0,57,1,607,-,0,5133,22,1,0,0,0,,359,IdolAwakening,"2, 33",105,0
23307,0,0,0,75,1,dress,33,0,5133,22,1,0,0,0,,362,CostumeCheck,"2, 33",105,0
23308,0,0,0,75,1,thirteen,33,0,5133,22,1,0,0,0,,356,SongSelect,"2, 33",105,0
23309,0,0,0,75,1,mobile,33,0,5133,22,1,0,0,0,,361,Home,"2, 33",105,0
23310,0,0,0,74,1,"25,26",33,0,5133,22,1,0,0,0,,357,IdolGift,"2, 33",105,0
23311,0,0,0,62,1,607,-,0,3,1,100,0,0,0,,363,Home,"2, 33",105,0
23401,0,0,0,69,1,34,-,0,5134,22,1,0,0,0,,365,SongSelect,"2, 34",105,0
23402,0,0,0,68,1,34,-,0,5134,22,1,0,0,0,,366,SongSelect,"2, 34",105,0
23403,0,0,0,49,50,34,-,0,5134,22,1,0,0,0,,369,SongSelect,"2, 34",105,0
23404,0,0,0,63,1,34,-,0,5134,22,1,0,0,0,,371,StorySelect2,"2, 34",105,0
23405,0,0,0,55,1,34,86,0,5134,22,1,0,0,0,,364,SongSelect,"2, 34",105,0
23406,0,0,0,57,1,608,-,0,5134,22,1,0,0,0,,370,IdolAwakening,"2, 34",105,0
23407,0,0,0,75,1,dress,34,0,5134,22,1,0,0,0,,373,CostumeCheck,"2, 34",105,0
23408,0,0,0,75,1,thirteen,34,0,5134,22,1,0,0,0,,367,SongSelect,"2, 34",105,0
23409,0,0,0,75,1,mobile,34,0,5134,22,1,0,0,0,,372,Home,"2, 34",105,0
23410,0,0,0,74,1,"25,26",34,0,5134,22,1,0,0,0,,368,IdolGift,"2, 34",105,0
23411,0,0,0,62,1,608,-,0,3,1,100,0,0,0,,374,Home,"2, 34",105,0
23501,0,0,0,69,1,35,-,0,5135,22,1,0,0,0,,376,SongSelect,"2, 35",105,0
23502,0,0,0,68,1,35,-,0,5135,22,1,0,0,0,,377,SongSelect,"2, 35",105,0
23503,0,0,0,49,50,35,-,0,5135,22,1,0,0,0,,380,SongSelect,"2, 35",105,0
23504,0,0,0,63,1,35,-,0,5135,22,1,0,0,0,,382,StorySelect2,"2, 35",105,0
23505,0,0,0,55,1,35,89,0,5135,22,1,0,0,0,,375,SongSelect,"2, 35",105,0
23506,0,0,0,57,1,609,-,0,5135,22,1,0,0,0,,381,IdolAwakening,"2, 35",105,0
23507,0,0,0,75,1,dress,35,0,5135,22,1,0,0,0,,384,CostumeCheck,"2, 35",105,0
23508,0,0,0,75,1,thirteen,35,0,5135,22,1,0,0,0,,378,SongSelect,"2, 35",105,0
23509,0,0,0,75,1,mobile,35,0,5135,22,1,0,0,0,,383,Home,"2, 35",105,0
23510,0,0,0,74,1,"25,26",35,0,5135,22,1,0,0,0,,379,IdolGift,"2, 35",105,0
23511,0,0,0,62,1,609,-,0,3,1,100,0,0,0,,385,Home,"2, 35",105,0
23601,0,0,0,69,1,36,-,0,5136,22,1,0,0,0,,387,SongSelect,"2, 36",105,0
23602,0,0,0,68,1,36,-,0,5136,22,1,0,0,0,,388,SongSelect,"2, 36",105,0
23603,0,0,0,49,50,36,-,0,5136,22,1,0,0,0,,391,SongSelect,"2, 36",105,0
23604,0,0,0,63,1,36,-,0,5136,22,1,0,0,0,,393,StorySelect2,"2, 36",105,0
23605,0,0,0,55,1,36,95,0,5136,22,1,0,0,0,,386,SongSelect,"2, 36",105,0
23606,0,0,0,57,1,610,-,0,5136,22,1,0,0,0,,392,IdolAwakening,"2, 36",105,0
23607,0,0,0,75,1,dress,36,0,5136,22,1,0,0,0,,395,CostumeCheck,"2, 36",105,0
23608,0,0,0,75,1,thirteen,36,0,5136,22,1,0,0,0,,389,SongSelect,"2, 36",105,0
23609,0,0,0,75,1,mobile,36,0,5136,22,1,0,0,0,,394,Home,"2, 36",105,0
23610,0,0,0,74,1,"25,26",36,0,5136,22,1,0,0,0,,390,IdolGift,"2, 36",105,0
23611,0,0,0,62,1,610,-,0,3,1,100,0,0,0,,396,Home,"2, 36",105,0
23701,0,0,0,69,1,37,-,0,5137,22,1,0,0,0,,398,SongSelect,"2, 37",105,0
23702,0,0,0,68,1,37,-,0,5137,22,1,0,0,0,,399,SongSelect,"2, 37",105,0
23703,0,0,0,49,50,37,-,0,5137,22,1,0,0,0,,402,SongSelect,"2, 37",105,0
23704,0,0,0,63,1,37,-,0,5137,22,1,0,0,0,,404,StorySelect2,"2, 37",105,0
23705,0,0,0,55,1,37,60,0,5137,22,1,0,0,0,,397,SongSelect,"2, 37",105,0
23706,0,0,0,57,1,611,-,0,5137,22,1,0,0,0,,403,IdolAwakening,"2, 37",105,0
23707,0,0,0,75,1,dress,37,0,5137,22,1,0,0,0,,406,CostumeCheck,"2, 37",105,0
23708,0,0,0,75,1,thirteen,37,0,5137,22,1,0,0,0,,400,SongSelect,"2, 37",105,0
23709,0,0,0,75,1,mobile,37,0,5137,22,1,0,0,0,,405,Home,"2, 37",105,0
23710,0,0,0,74,1,"25,26",37,0,5137,22,1,0,0,0,,401,IdolGift,"2, 37",105,0
23711,0,0,0,62,1,611,-,0,3,1,100,0,0,0,,407,Home,"2, 37",105,0
23801,0,0,0,69,1,38,-,0,5138,22,1,0,0,0,,409,SongSelect,"2, 38",105,0
23802,0,0,0,68,1,38,-,0,5138,22,1,0,0,0,,410,SongSelect,"2, 38",105,0
23803,0,0,0,49,50,38,-,0,5138,22,1,0,0,0,,413,SongSelect,"2, 38",105,0
23804,0,0,0,63,1,38,-,0,5138,22,1,0,0,0,,415,StorySelect2,"2, 38",105,0
23805,0,0,0,55,1,38,46,0,5138,22,1,0,0,0,,408,SongSelect,"2, 38",105,0
23806,0,0,0,57,1,612,-,0,5138,22,1,0,0,0,,414,IdolAwakening,"2, 38",105,0
23807,0,0,0,75,1,dress,38,0,5138,22,1,0,0,0,,417,CostumeCheck,"2, 38",105,0
23808,0,0,0,75,1,thirteen,38,0,5138,22,1,0,0,0,,411,SongSelect,"2, 38",105,0
23809,0,0,0,75,1,mobile,38,0,5138,22,1,0,0,0,,416,Home,"2, 38",105,0
23810,0,0,0,74,1,"25,26",38,0,5138,22,1,0,0,0,,412,IdolGift,"2, 38",105,0
23811,0,0,0,62,1,612,-,0,3,1,100,0,0,0,,418,Home,"2, 38",105,0
23901,0,0,0,69,1,39,-,0,5139,22,1,0,0,0,,420,SongSelect,"2, 39",105,0
23902,0,0,0,68,1,39,-,0,5139,22,1,0,0,0,,421,SongSelect,"2, 39",105,0
23903,0,0,0,49,50,39,-,0,5139,22,1,0,0,0,,424,SongSelect,"2, 39",105,0
23904,0,0,0,63,1,39,-,0,5139,22,1,0,0,0,,426,StorySelect2,"2, 39",105,0
23905,0,0,0,55,1,39,56,0,5139,22,1,0,0,0,,419,SongSelect,"2, 39",105,0
23906,0,0,0,57,1,613,-,0,5139,22,1,0,0,0,,425,IdolAwakening,"2, 39",105,0
23907,0,0,0,75,1,dress,39,0,5139,22,1,0,0,0,,428,CostumeCheck,"2, 39",105,0
23908,0,0,0,75,1,thirteen,39,0,5139,22,1,0,0,0,,422,SongSelect,"2, 39",105,0
23909,0,0,0,75,1,mobile,39,0,5139,22,1,0,0,0,,427,Home,"2, 39",105,0
23910,0,0,0,74,1,"25,26",39,0,5139,22,1,0,0,0,,423,IdolGift,"2, 39",105,0
23911,0,0,0,62,1,613,-,0,3,1,100,0,0,0,,429,Home,"2, 39",105,0
24001,0,0,0,69,1,40,-,0,5140,22,1,0,0,0,,431,SongSelect,"2, 40",105,0
24002,0,0,0,68,1,40,-,0,5140,22,1,0,0,0,,432,SongSelect,"2, 40",105,0
24003,0,0,0,49,50,40,-,0,5140,22,1,0,0,0,,435,SongSelect,"2, 40",105,0
24004,0,0,0,63,1,40,-,0,5140,22,1,0,0,0,,437,StorySelect2,"2, 40",105,0
24005,0,0,0,55,1,40,89,0,5140,22,1,0,0,0,,430,SongSelect,"2, 40",105,0
24006,0,0,0,57,1,614,-,0,5140,22,1,0,0,0,,436,IdolAwakening,"2, 40",105,0
24007,0,0,0,75,1,dress,40,0,5140,22,1,0,0,0,,439,CostumeCheck,"2, 40",105,0
24008,0,0,0,75,1,thirteen,40,0,5140,22,1,0,0,0,,433,SongSelect,"2, 40",105,0
24009,0,0,0,75,1,mobile,40,0,5140,22,1,0,0,0,,438,Home,"2, 40",105,0
24010,0,0,0,74,1,"25,26",40,0,5140,22,1,0,0,0,,434,IdolGift,"2, 40",105,0
24011,0,0,0,62,1,614,-,0,3,1,100,0,0,0,,440,Home,"2, 40",105,0
24101,0,0,0,69,1,41,-,0,5141,22,1,0,0,0,,442,SongSelect,"2, 41",105,0
24102,0,0,0,68,1,41,-,0,5141,22,1,0,0,0,,443,SongSelect,"2, 41",105,0
24103,0,0,0,49,50,41,-,0,5141,22,1,0,0,0,,446,SongSelect,"2, 41",105,0
24104,0,0,0,63,1,41,-,0,5141,22,1,0,0,0,,448,StorySelect2,"2, 41",105,0
24105,0,0,0,55,1,41,56,0,5141,22,1,0,0,0,,441,SongSelect,"2, 41",105,0
24106,0,0,0,57,1,615,-,0,5141,22,1,0,0,0,,447,IdolAwakening,"2, 41",105,0
24107,0,0,0,75,1,dress,41,0,5141,22,1,0,0,0,,450,CostumeCheck,"2, 41",105,0
24108,0,0,0,75,1,thirteen,41,0,5141,22,1,0,0,0,,444,SongSelect,"2, 41",105,0
24109,0,0,0,75,1,mobile,41,0,5141,22,1,0,0,0,,449,Home,"2, 41",105,0
24110,0,0,0,74,1,"25,26",41,0,5141,22,1,0,0,0,,445,IdolGift,"2, 41",105,0
24111,0,0,0,62,1,615,-,0,3,1,100,0,0,0,,451,Home,"2, 41",105,0
24201,0,0,0,69,1,42,-,0,5142,22,1,0,0,0,,453,SongSelect,"2, 42",105,0
24202,0,0,0,68,1,42,-,0,5142,22,1,0,0,0,,454,SongSelect,"2, 42",105,0
24203,0,0,0,49,50,42,-,0,5142,22,1,0,0,0,,457,SongSelect,"2, 42",105,0
24204,0,0,0,63,1,42,-,0,5142,22,1,0,0,0,,459,StorySelect2,"2, 42",105,0
24205,0,0,0,55,1,42,48,0,5142,22,1,0,0,0,,452,SongSelect,"2, 42",105,0
24206,0,0,0,57,1,616,-,0,5142,22,1,0,0,0,,458,IdolAwakening,"2, 42",105,0
24207,0,0,0,75,1,dress,42,0,5142,22,1,0,0,0,,461,CostumeCheck,"2, 42",105,0
24208,0,0,0,75,1,thirteen,42,0,5142,22,1,0,0,0,,455,SongSelect,"2, 42",105,0
24209,0,0,0,75,1,mobile,42,0,5142,22,1,0,0,0,,460,Home,"2, 42",105,0
24210,0,0,0,74,1,"25,26",42,0,5142,22,1,0,0,0,,456,IdolGift,"2, 42",105,0
24211,0,0,0,62,1,616,-,0,3,1,100,0,0,0,,462,Home,"2, 42",105,0
24301,0,0,0,69,1,43,-,0,5143,22,1,0,0,0,,464,SongSelect,"2, 43",105,0
24302,0,0,0,68,1,43,-,0,5143,22,1,0,0,0,,465,SongSelect,"2, 43",105,0
24303,0,0,0,49,50,43,-,0,5143,22,1,0,0,0,,468,SongSelect,"2, 43",105,0
24304,0,0,0,63,1,43,-,0,5143,22,1,0,0,0,,470,StorySelect2,"2, 43",105,0
24305,0,0,0,55,1,43,60,0,5143,22,1,0,0,0,,463,SongSelect,"2, 43",105,0
24306,0,0,0,57,1,617,-,0,5143,22,1,0,0,0,,469,IdolAwakening,"2, 43",105,0
24307,0,0,0,75,1,dress,43,0,5143,22,1,0,0,0,,472,CostumeCheck,"2, 43",105,0
24308,0,0,0,75,1,thirteen,43,0,5143,22,1,0,0,0,,466,SongSelect,"2, 43",105,0
24309,0,0,0,75,1,mobile,43,0,5143,22,1,0,0,0,,471,Home,"2, 43",105,0
24310,0,0,0,74,1,"25,26",43,0,5143,22,1,0,0,0,,467,IdolGift,"2, 43",105,0
24311,0,0,0,62,1,617,-,0,3,1,100,0,0,0,,473,Home,"2, 43",105,0
24401,0,0,0,69,1,44,-,0,5144,22,1,0,0,0,,475,SongSelect,"2, 44",105,0
24402,0,0,0,68,1,44,-,0,5144,22,1,0,0,0,,476,SongSelect,"2, 44",105,0
24403,0,0,0,49,50,44,-,0,5144,22,1,0,0,0,,479,SongSelect,"2, 44",105,0
24404,0,0,0,63,1,44,-,0,5144,22,1,0,0,0,,481,StorySelect2,"2, 44",105,0
24405,0,0,0,55,1,44,54,0,5144,22,1,0,0,0,,474,SongSelect,"2, 44",105,0
24406,0,0,0,57,1,618,-,0,5144,22,1,0,0,0,,480,IdolAwakening,"2, 44",105,0
24407,0,0,0,75,1,dress,44,0,5144,22,1,0,0,0,,483,CostumeCheck,"2, 44",105,0
24408,0,0,0,75,1,thirteen,44,0,5144,22,1,0,0,0,,477,SongSelect,"2, 44",105,0
24409,0,0,0,75,1,mobile,44,0,5144,22,1,0,0,0,,482,Home,"2, 44",105,0
24410,0,0,0,74,1,"25,26",44,0,5144,22,1,0,0,0,,478,IdolGift,"2, 44",105,0
24411,0,0,0,62,1,618,-,0,3,1,100,0,0,0,,484,Home,"2, 44",105,0
24501,0,0,0,69,1,45,-,0,5145,22,1,0,0,0,,486,SongSelect,"2, 45",105,0
24502,0,0,0,68,1,45,-,0,5145,22,1,0,0,0,,487,SongSelect,"2, 45",105,0
24503,0,0,0,49,50,45,-,0,5145,22,1,0,0,0,,490,SongSelect,"2, 45",105,0
24504,0,0,0,63,1,45,-,0,5145,22,1,0,0,0,,492,StorySelect2,"2, 45",105,0
24505,0,0,0,55,1,45,77,0,5145,22,1,0,0,0,,485,SongSelect,"2, 45",105,0
24506,0,0,0,57,1,619,-,0,5145,22,1,0,0,0,,491,IdolAwakening,"2, 45",105,0
24507,0,0,0,75,1,dress,45,0,5145,22,1,0,0,0,,494,CostumeCheck,"2, 45",105,0
24508,0,0,0,75,1,thirteen,45,0,5145,22,1,0,0,0,,488,SongSelect,"2, 45",105,0
24509,0,0,0,75,1,mobile,45,0,5145,22,1,0,0,0,,493,Home,"2, 45",105,0
24510,0,0,0,74,1,"25,26",45,0,5145,22,1,0,0,0,,489,IdolGift,"2, 45",105,0
24511,0,0,0,62,1,619,-,0,3,1,100,0,0,0,,495,Home,"2, 45",105,0
24601,0,0,0,69,1,46,-,0,5146,22,1,0,0,0,,497,SongSelect,"2, 46",105,0
24602,0,0,0,68,1,46,-,0,5146,22,1,0,0,0,,498,SongSelect,"2, 46",105,0
24603,0,0,0,49,50,46,-,0,5146,22,1,0,0,0,,501,SongSelect,"2, 46",105,0
24604,0,0,0,63,1,46,-,0,5146,22,1,0,0,0,,503,StorySelect2,"2, 46",105,0
24605,0,0,0,55,1,46,46,0,5146,22,1,0,0,0,,496,SongSelect,"2, 46",105,0
24606,0,0,0,57,1,620,-,0,5146,22,1,0,0,0,,502,IdolAwakening,"2, 46",105,0
24607,0,0,0,75,1,dress,46,0,5146,22,1,0,0,0,,505,CostumeCheck,"2, 46",105,0
24608,0,0,0,75,1,thirteen,46,0,5146,22,1,0,0,0,,499,SongSelect,"2, 46",105,0
24609,0,0,0,75,1,mobile,46,0,5146,22,1,0,0,0,,504,Home,"2, 46",105,0
24610,0,0,0,74,1,"25,26",46,0,5146,22,1,0,0,0,,500,IdolGift,"2, 46",105,0
24611,0,0,0,62,1,620,-,0,3,1,100,0,0,0,,506,Home,"2, 46",105,0
24701,0,0,0,69,1,47,-,0,5147,22,1,0,0,0,,508,SongSelect,"2, 47",105,0
24702,0,0,0,68,1,47,-,0,5147,22,1,0,0,0,,509,SongSelect,"2, 47",105,0
24703,0,0,0,49,50,47,-,0,5147,22,1,0,0,0,,512,SongSelect,"2, 47",105,0
24704,0,0,0,63,1,47,-,0,5147,22,1,0,0,0,,514,StorySelect2,"2, 47",105,0
24705,0,0,0,55,1,47,86,0,5147,22,1,0,0,0,,507,SongSelect,"2, 47",105,0
24706,0,0,0,57,1,621,-,0,5147,22,1,0,0,0,,513,IdolAwakening,"2, 47",105,0
24707,0,0,0,75,1,dress,47,0,5147,22,1,0,0,0,,516,CostumeCheck,"2, 47",105,0
24708,0,0,0,75,1,thirteen,47,0,5147,22,1,0,0,0,,510,SongSelect,"2, 47",105,0
24709,0,0,0,75,1,mobile,47,0,5147,22,1,0,0,0,,515,Home,"2, 47",105,0
24710,0,0,0,74,1,"25,26",47,0,5147,22,1,0,0,0,,511,IdolGift,"2, 47",105,0
24711,0,0,0,62,1,621,-,0,3,1,100,0,0,0,,517,Home,"2, 47",105,0
24801,0,0,0,69,1,48,-,0,5148,22,1,0,0,0,,519,SongSelect,"2, 48",105,0
24802,0,0,0,68,1,48,-,0,5148,22,1,0,0,0,,520,SongSelect,"2, 48",105,0
24803,0,0,0,49,50,48,-,0,5148,22,1,0,0,0,,523,SongSelect,"2, 48",105,0
24804,0,0,0,63,1,48,-,0,5148,22,1,0,0,0,,525,StorySelect2,"2, 48",105,0
24805,0,0,0,55,1,48,56,0,5148,22,1,0,0,0,,518,SongSelect,"2, 48",105,0
24806,0,0,0,57,1,622,-,0,5148,22,1,0,0,0,,524,IdolAwakening,"2, 48",105,0
24807,0,0,0,75,1,dress,48,0,5148,22,1,0,0,0,,527,CostumeCheck,"2, 48",105,0
24808,0,0,0,75,1,thirteen,48,0,5148,22,1,0,0,0,,521,SongSelect,"2, 48",105,0
24809,0,0,0,75,1,mobile,48,0,5148,22,1,0,0,0,,526,Home,"2, 48",105,0
24810,0,0,0,74,1,"25,26",48,0,5148,22,1,0,0,0,,522,IdolGift,"2, 48",105,0
24811,0,0,0,62,1,622,-,0,3,1,100,0,0,0,,528,Home,"2, 48",105,0
24901,0,0,0,69,1,49,-,0,5149,22,1,0,0,0,,530,SongSelect,"2, 49",105,0
24902,0,0,0,68,1,49,-,0,5149,22,1,0,0,0,,531,SongSelect,"2, 49",105,0
24903,0,0,0,49,50,49,-,0,5149,22,1,0,0,0,,534,SongSelect,"2, 49",105,0
24904,0,0,0,63,1,49,-,0,5149,22,1,0,0,0,,536,StorySelect2,"2, 49",105,0
24905,0,0,0,55,1,49,86,0,5149,22,1,0,0,0,,529,SongSelect,"2, 49",105,0
24906,0,0,0,57,1,623,-,0,5149,22,1,0,0,0,,535,IdolAwakening,"2, 49",105,0
24907,0,0,0,75,1,dress,49,0,5149,22,1,0,0,0,,538,CostumeCheck,"2, 49",105,0
24908,0,0,0,75,1,thirteen,49,0,5149,22,1,0,0,0,,532,SongSelect,"2, 49",105,0
24909,0,0,0,75,1,mobile,49,0,5149,22,1,0,0,0,,537,Home,"2, 49",105,0
24910,0,0,0,74,1,"25,26",49,0,5149,22,1,0,0,0,,533,IdolGift,"2, 49",105,0
24911,0,0,0,62,1,623,-,0,3,1,100,0,0,0,,539,Home,"2, 49",105,0
25001,0,0,0,69,1,50,-,0,5150,22,1,0,0,0,,541,SongSelect,"2, 50",105,0
25002,0,0,0,68,1,50,-,0,5150,22,1,0,0,0,,542,SongSelect,"2, 50",105,0
25003,0,0,0,49,50,50,-,0,5150,22,1,0,0,0,,545,SongSelect,"2, 50",105,0
25004,0,0,0,63,1,50,-,0,5150,22,1,0,0,0,,547,StorySelect2,"2, 50",105,0
25005,0,0,0,55,1,50,75,0,5150,22,1,0,0,0,,540,SongSelect,"2, 50",105,0
25006,0,0,0,57,1,624,-,0,5150,22,1,0,0,0,,546,IdolAwakening,"2, 50",105,0
25007,0,0,0,75,1,dress,50,0,5150,22,1,0,0,0,,549,CostumeCheck,"2, 50",105,0
25008,0,0,0,75,1,thirteen,50,0,5150,22,1,0,0,0,,543,SongSelect,"2, 50",105,0
25009,0,0,0,75,1,mobile,50,0,5150,22,1,0,0,0,,548,Home,"2, 50",105,0
25010,0,0,0,74,1,"25,26",50,0,5150,22,1,0,0,0,,544,IdolGift,"2, 50",105,0
25011,0,0,0,62,1,624,-,0,3,1,100,0,0,0,,550,Home,"2, 50",105,0
25101,0,0,0,69,1,51,-,0,5151,22,1,0,0,0,,552,SongSelect,"2, 51",105,0
25102,0,0,0,68,1,51,-,0,5151,22,1,0,0,0,,553,SongSelect,"2, 51",105,0
25103,0,0,0,49,50,51,-,0,5151,22,1,0,0,0,,556,SongSelect,"2, 51",105,0
25104,0,0,0,63,1,51,-,0,5151,22,1,0,0,0,,558,StorySelect2,"2, 51",105,0
25105,0,0,0,55,1,51,54,0,5151,22,1,0,0,0,,551,SongSelect,"2, 51",105,0
25106,0,0,0,57,1,625,-,0,5151,22,1,0,0,0,,557,IdolAwakening,"2, 51",105,0
25107,0,0,0,75,1,dress,51,0,5151,22,1,0,0,0,,560,CostumeCheck,"2, 51",105,0
25108,0,0,0,75,1,thirteen,51,0,5151,22,1,0,0,0,,554,SongSelect,"2, 51",105,0
25109,0,0,0,75,1,mobile,51,0,5151,22,1,0,0,0,,559,Home,"2, 51",105,0
25110,0,0,0,74,1,"25,26",51,0,5151,22,1,0,0,0,,555,IdolGift,"2, 51",105,0
25111,0,0,0,62,1,625,-,0,3,1,100,0,0,0,,561,Home,"2, 51",105,0
25201,0,0,0,69,1,52,-,0,5152,22,1,0,0,0,,563,SongSelect,"2, 52",105,0
25202,0,0,0,68,1,52,-,0,5152,22,1,0,0,0,,564,SongSelect,"2, 52",105,0
25203,0,0,0,49,50,52,-,0,5152,22,1,0,0,0,,567,SongSelect,"2, 52",105,0
25204,0,0,0,63,1,52,-,0,5152,22,1,0,0,0,,569,StorySelect2,"2, 52",105,0
25205,0,0,0,55,1,52,56,0,5152,22,1,0,0,0,,562,SongSelect,"2, 52",105,0
25206,0,0,0,57,1,626,-,0,5152,22,1,0,0,0,,568,IdolAwakening,"2, 52",105,0
25207,0,0,0,75,1,dress,52,0,5152,22,1,0,0,0,,571,CostumeCheck,"2, 52",105,0
25208,0,0,0,75,1,thirteen,52,0,5152,22,1,0,0,0,,565,SongSelect,"2, 52",105,0
25209,0,0,0,75,1,mobile,52,0,5152,22,1,0,0,0,,570,Home,"2, 52",105,0
25210,0,0,0,74,1,"25,26",52,0,5152,22,1,0,0,0,,566,IdolGift,"2, 52",105,0
25211,0,0,0,62,1,626,-,0,3,1,100,0,0,0,,572,Home,"2, 52",105,0
0,1,0,4,39,1,-,-,,20,6,1,0,0,0,,1,,-,0,1
0,2,0,4,21,1,-,-,,405,2,3000,0,0,0,,2,,-,0,1
0,3,0,4,23,1,-,-,,20,6,1,0,0,0,,3,,-,0,1
0,4,0,4,20,2,-,-,,405,2,3000,0,0,0,,4,,-,0,1
0,5,0,4,10,2,-,-,,20,6,1,0,0,0,,5,,-,0,1
0,6,0,4,38,1,-,-,,20,6,1,0,0,0,,6,,-,0,1
0,7,0,4,26,1,-,-,,403,2,1000,0,0,0,,7,,-,0,1
0,8,0,4,27,1,-,-,,403,2,1000,0,0,0,,8,,-,0,1
0,9,0,4,17,1,-,-,,404,2,2000,0,0,0,,9,,-,0,1
0,10,0,4,22,1,-,-,,301,9,1,0,0,0,,10,,-,0,2
0,11,0,4,25,3,-,-,,21,6,1,0,0,0,,11,,-,0,2
0,12,0,4,28,1,-,-,,404,2,2000,0,0,0,,12,,-,0,2
0,13,0,4,40,1,-,-,,20,6,1,0,0,0,,13,,-,0,2
0,14,0,4,21,5,-,-,,201,8,1,0,0,0,,14,,-,0,2
0,15,0,4,39,3,-,-,,21,6,1,0,0,0,,15,,-,0,2
0,16,0,4,20,3,-,-,,407,2,5000,0,0,0,,16,,-,0,2
0,17,0,4,29,1,-,-,,22,6,1,0,0,0,,17,,-,0,2
0,18,0,4,10,3,-,-,,407,2,5000,0,0,0,,18,,-,0,2
0,19,0,4,30,1,-,-,,405,2,3000,0,0,0,,19,,-,0,3
0,20,0,4,31,1,-,-,,100,7,1,0,0,0,,20,,-,0,3
0,21,0,4,32,1,-,-,,405,2,3000,0,0,0,,21,,-,0,3
0,22,0,4,35,4,1,-,,22,6,1,0,0,0,,22,,-,0,3
0,23,0,4,33,1,-,-,,403,2,1000,0,0,0,,23,,-,0,3
0,24,0,4,39,10,-,-,,23,6,1,0,0,0,,24,,-,0,3
0,25,0,4,10,5,-,-,,3,1,250,0,0,0,,25,,-,0,3
0,26,0,4,20,5,-,-,,22,6,1,0,0,0,,26,,-,0,3
0,27,0,4,41,1,-,-,,407,2,5000,0,0,0,,27,,-,0,3
0,0,1,5,36,1000,1,-,,0,0,1,0,27,0,achievement_027,9010,,-,0,0
0,0,3,5,36,1000,2,-,,0,0,1,0,29,0,achievement_029,9020,,-,0,0
0,0,5,5,36,1000,3,-,,0,0,1,0,31,0,achievement_031,9030,,-,0,0
0,0,6,5,36,10000,3,-,,0,0,1,0,32,0,achievement_032,9031,,-,0,0
0,0,7,5,36,1000,4,-,,0,0,1,0,33,0,achievement_033,9040,,-,0,0
0,0,9,5,36,1000,5,-,,0,0,1,0,35,0,achievement_035,9050,,-,0,0
0,0,10,5,36,10000,5,-,,0,0,1,0,36,0,achievement_036,9051,,-,0,0
0,0,11,5,36,1000,6,-,,0,0,1,0,37,0,achievement_037,9060,,-,0,0
0,0,13,5,36,1000,7,-,,0,0,1,0,39,0,achievement_039,9070,,-,0,0
0,0,14,5,36,10000,7,-,,0,0,1,0,40,0,achievement_040,9071,,-,0,0
0,0,15,5,36,1000,8,-,,0,0,1,0,41,0,achievement_041,9080,,-,0,0
0,0,17,5,36,1000,9,-,,0,0,1,0,43,0,achievement_043,9090,,-,0,0
0,0,19,5,36,1000,10,-,,0,0,1,0,45,0,achievement_045,9100,,-,0,0
0,0,20,5,36,10000,10,-,,0,0,1,0,46,0,achievement_046,9101,,-,0,0
0,0,21,5,36,1000,11,-,,0,0,1,0,47,0,achievement_047,9110,,-,0,0
0,0,23,5,36,1000,12,-,,0,0,1,0,49,0,achievement_049,9120,,-,0,0
0,0,25,5,36,1000,13,-,,0,0,1,0,51,0,achievement_051,9130,,-,0,0
0,0,26,5,36,10000,13,-,,0,0,1,0,52,0,achievement_052,9131,,-,0,0
0,0,27,5,36,1000,14,-,,0,0,1,0,53,0,achievement_053,9140,,-,0,0
0,0,28,5,36,10000,14,-,,0,0,1,0,54,0,achievement_054,9141,,-,0,0
0,0,29,5,36,1000,15,-,,0,0,1,0,55,0,achievement_055,9150,,-,0,0
0,0,30,5,36,10000,15,-,,0,0,1,0,56,0,achievement_056,9151,,-,0,0
0,0,31,5,36,1000,16,-,,0,0,1,0,57,0,achievement_057,9160,,-,0,0
0,0,32,5,36,10000,16,-,,0,0,1,0,58,0,achievement_058,9161,,-,0,0
0,0,33,5,36,1000,18,-,,0,0,1,0,59,0,achievement_059,9180,,-,0,0
0,0,34,5,36,10000,18,-,,0,0,1,0,60,0,achievement_060,9181,,-,0,0
0,0,35,5,36,1000,19,-,,0,0,1,0,61,0,achievement_061,9190,,-,0,0
0,0,37,5,36,1000,20,-,,0,0,1,0,63,0,achievement_063,9200,,-,0,0
0,0,38,5,36,10000,20,-,,0,0,1,0,64,0,achievement_064,9201,,-,0,0
0,0,39,5,36,1000,21,-,,0,0,1,0,65,0,achievement_065,9210,,-,0,0
0,0,41,5,36,1000,22,-,,0,0,1,0,67,0,achievement_067,9220,,-,0,0
0,0,42,5,36,10000,22,-,,0,0,1,0,68,0,achievement_068,9221,,-,0,0
0,0,43,5,36,1000,23,-,,0,0,1,0,69,0,achievement_069,9230,,-,0,0
0,0,45,5,36,1000,24,-,,0,0,1,0,71,0,achievement_071,9240,,-,0,0
0,0,47,5,36,1000,25,-,,0,0,1,0,73,0,achievement_073,9250,,-,0,0
0,0,49,5,36,1000,26,-,,0,0,1,0,75,0,achievement_075,9260,,-,0,0
0,0,51,5,36,1000,27,-,,0,0,1,0,77,0,achievement_077,9270,,-,0,0
0,0,52,5,36,10000,27,-,,0,0,1,0,78,0,achievement_078,9271,,-,0,0
0,0,53,5,36,1000,28,-,,0,0,1,0,79,0,achievement_079,9280,,-,0,0
0,0,54,5,36,10000,28,-,,0,0,1,0,80,0,achievement_080,9281,,-,0,0
0,0,55,5,36,1000,29,-,,0,0,1,0,81,0,achievement_081,9290,,-,0,0
0,0,57,5,36,1000,30,-,,0,0,1,0,83,0,achievement_083,9300,,-,0,0
0,0,58,5,36,10000,30,-,,0,0,1,0,84,0,achievement_084,9301,,-,0,0
0,0,59,5,36,1000,31,-,,0,0,1,0,85,0,achievement_085,9310,,-,0,0
0,0,60,5,36,10000,31,-,,0,0,1,0,86,0,achievement_086,9311,,-,0,0
0,0,61,5,36,1000,32,-,,0,0,1,0,87,0,achievement_087,9320,,-,0,0
0,0,62,5,36,10000,32,-,,0,0,1,0,88,0,achievement_088,9321,,-,0,0
0,0,63,5,36,1000,33,-,,0,0,1,0,89,0,achievement_089,9330,,-,0,0
0,0,64,5,36,10000,33,-,,0,0,1,0,90,0,achievement_090,9331,,-,0,0
0,0,65,5,36,1000,34,-,,0,0,1,0,91,0,achievement_091,9340,,-,0,0
0,0,67,5,36,1000,35,-,,0,0,1,0,93,0,achievement_093,9350,,-,0,0
0,0,69,5,36,1000,36,-,,0,0,1,0,95,0,achievement_095,9360,,-,0,0
0,0,70,5,36,10000,36,-,,0,0,1,0,96,0,achievement_096,9361,,-,0,0
0,0,71,5,36,1000,37,-,,0,0,1,0,97,0,achievement_097,9370,,-,0,0
0,0,73,5,36,1000,38,-,,0,0,1,0,99,0,achievement_099,9380,,-,0,0
0,0,75,5,36,1000,39,-,,0,0,1,0,101,0,achievement_101,9390,,-,0,0
0,0,76,5,36,10000,39,-,,0,0,1,0,102,0,achievement_102,9391,,-,0,0
0,0,77,5,36,1000,40,-,,0,0,1,0,103,0,achievement_103,9400,,-,0,0
0,0,79,5,36,1000,41,-,,0,0,1,0,105,0,achievement_105,9410,,-,0,0
0,0,81,5,36,1000,42,-,,0,0,1,0,107,0,achievement_107,9420,,-,0,0
0,0,83,5,36,1000,43,-,,0,0,1,0,109,0,achievement_109,9430,,-,0,0
0,0,85,5,36,1000,44,-,,0,0,1,0,111,0,achievement_111,9440,,-,0,0
0,0,87,5,36,1000,45,-,,0,0,1,0,113,0,achievement_113,9450,,-,0,0
0,0,89,5,36,1000,46,-,,0,0,1,0,115,0,achievement_115,9460,,-,0,0
0,0,91,5,36,1000,47,-,,0,0,1,0,117,0,achievement_117,9470,,-,0,0
0,0,93,5,36,1000,48,-,,0,0,1,0,119,0,achievement_119,9480,,-,0,0
0,0,94,5,36,10000,48,-,,0,0,1,0,120,0,achievement_120,9481,,-,0,0
0,0,95,5,36,1000,49,-,,0,0,1,0,121,0,achievement_121,9490,,-,0,0
0,0,97,5,36,1000,50,-,,0,0,1,0,123,0,achievement_123,9500,,-,0,0
0,0,98,5,36,10000,50,-,,0,0,1,0,124,0,achievement_124,9501,,-,0,0
0,0,99,5,36,1000,51,-,,0,0,1,0,125,0,achievement_125,9510,,-,0,0
0,0,100,5,36,10000,51,-,,0,0,1,0,126,0,achievement_126,9511,,-,0,0
0,0,101,5,36,1000,52,-,,0,0,1,0,127,0,achievement_127,9520,,-,0,0
0,0,102,5,36,10000,52,-,,0,0,1,0,128,0,achievement_128,9521,,-,0,0
0,0,107,5,36,25000,3,-,,0,0,1,0,187,0,achievement_031,9032,,-,0,0
0,0,108,5,36,50000,3,-,,0,0,1,0,188,0,achievement_032,9033,,-,0,0
0,0,115,5,36,25000,7,-,,0,0,1,0,195,0,achievement_039,9072,,-,0,0
0,0,143,5,36,25000,22,-,,0,0,1,0,223,0,achievement_067,9222,,-,0,0
0,0,144,5,36,50000,22,-,,0,0,1,0,224,0,achievement_068,9223,,-,0,0
0,0,163,5,36,25000,32,-,,0,0,1,0,243,0,achievement_087,9322,,-,0,0
0,0,165,5,36,25000,33,-,,0,0,1,0,245,0,achievement_089,9332,,-,0,0
0,0,205,5,36,1000,17,-,,0,0,1,0,361,0,achievement_079,9170,,-,0,0
0,0,206,5,36,10000,17,-,,0,0,1,0,362,0,achievement_080,9171,,-,0,0
0,0,207,5,36,25000,17,-,,0,0,1,0,363,0,achievement_079,9172,,-,0,0
0,0,230,5,36,100000,22,-,,0,0,1,0,533,0,achievement_079,9224,,-,0,0
