mst_event_story_id,mst_idol_id_list,mst_event_id,event_type,number,has_mv,has_mv_twin,event_story_mv_mst_song_id,release_event_point,begin_date,end_date,page_begin_date,page_end_date,reward_type_list,reward_mst_item_id_list,reward_item_type_list,reward_amount_list,release_mst_item_id,release_item_amount,release_item_begin_date,before_scenario_id
1,"15,22,33,23,48",4,3,0,0,0,0,0,2019-09-04T15:00:00+0800,2019-09-12T20:59:59+0800,2019-09-04T15:00:00+0800,2019-09-13T14:59:59+0800,4,3,1,50,0,0,0001-01-01T00:00:00+0000,-
2,"15,22,33,23,48",4,3,1,0,0,0,0,2019-09-04T15:00:00+0800,2019-09-12T20:59:59+0800,2019-09-04T15:00:00+0800,2019-09-13T14:59:59+0800,4,3,1,50,0,0,0001-01-01T00:00:00+0000,-
3,"15,22,33,23,48",4,3,2,0,0,0,1000,2019-09-04T15:00:00+0800,2019-09-12T20:59:59+0800,2019-09-04T15:00:00+0800,2019-09-13T14:59:59+0800,4,3,1,50,3001,2,2019-12-21T15:00:00+0800,-
4,"15,22,33,23,48",4,3,3,0,0,0,2500,2019-09-04T15:00:00+0800,2019-09-12T20:59:59+0800,2019-09-04T15:00:00+0800,2019-09-13T14:59:59+0800,4,3,1,50,3001,2,2019-12-21T15:00:00+0800,-
5,"15,22,33,23,48",4,3,4,0,0,0,4500,2019-09-04T15:00:00+0800,2019-09-12T20:59:59+0800,2019-09-04T15:00:00+0800,2019-09-13T14:59:59+0800,4,3,1,50,3001,2,2019-12-21T15:00:00+0800,-
6,"15,22,33,23,48",4,3,5,0,0,0,7000,2019-09-04T15:00:00+0800,2019-09-12T20:59:59+0800,2019-09-04T15:00:00+0800,2019-09-13T14:59:59+0800,4,3,1,50,3001,2,2019-12-21T15:00:00+0800,-
7,"15,22,33,23,48",4,3,6,1,0,26,10000,2019-09-04T15:00:00+0800,2019-09-12T20:59:59+0800,2019-09-04T15:00:00+0800,2019-09-13T14:59:59+0800,4,3,1,50,3001,2,2019-12-21T15:00:00+0800,-
8,"15,22,33,23,48",4,3,7,0,0,0,0,2019-09-13T12:00:00+0800,2019-09-14T14:59:59+0800,2019-09-04T15:00:00+0800,2019-09-13T14:59:59+0800,4,3,1,50,0,0,0001-01-01T00:00:00+0000,-
9,"5,30,36,40,0",7,3,0,0,0,0,0,2019-09-20T15:00:00+0800,2019-09-27T20:59:59+0800,2019-09-20T15:00:00+0800,2019-09-28T14:59:59+0800,4,3,1,50,0,0,0001-01-01T00:00:00+0000,-
10,"5,30,36,40,0",7,3,1,0,0,0,0,2019-09-20T15:00:00+0800,2019-09-27T20:59:59+0800,2019-09-20T15:00:00+0800,2019-09-28T14:59:59+0800,4,3,1,50,0,0,0001-01-01T00:00:00+0000,-
11,"5,30,36,40,0",7,3,2,0,0,0,1000,2019-09-20T15:00:00+0800,2019-09-27T20:59:59+0800,2019-09-20T15:00:00+0800,2019-09-28T14:59:59+0800,4,3,1,50,3001,2,2019-12-21T15:00:00+0800,-
12,"5,30,36,40,0",7,3,3,0,0,0,2500,2019-09-20T15:00:00+0800,2019-09-27T20:59:59+0800,2019-09-20T15:00:00+0800,2019-09-28T14:59:59+0800,4,3,1,50,3001,2,2019-12-21T15:00:00+0800,-
13,"5,30,36,40,0",7,3,4,0,0,0,4500,2019-09-20T15:00:00+0800,2019-09-27T20:59:59+0800,2019-09-20T15:00:00+0800,2019-09-28T14:59:59+0800,4,3,1,50,3001,2,2019-12-21T15:00:00+0800,-
14,"5,30,36,40,0",7,3,5,0,0,0,7000,2019-09-20T15:00:00+0800,2019-09-27T20:59:59+0800,2019-09-20T15:00:00+0800,2019-09-28T14:59:59+0800,4,3,1,50,3001,2,2019-12-21T15:00:00+0800,-
15,"5,30,36,40,0",7,3,6,1,0,37,10000,2019-09-20T15:00:00+0800,2019-09-27T20:59:59+0800,2019-09-20T15:00:00+0800,2019-09-28T14:59:59+0800,4,3,1,50,3001,2,2019-12-21T15:00:00+0800,-
16,"5,30,36,40,0",7,3,7,0,0,0,0,2019-09-28T12:00:00+0800,2019-09-29T14:59:59+0800,2019-09-20T15:00:00+0800,2019-09-28T14:59:59+0800,4,3,1,50,0,0,0001-01-01T00:00:00+0000,-
17,"26,44,14,16,24",9,3,0,0,0,0,0,2019-09-30T15:00:00+0800,2019-10-10T20:59:59+0800,2019-09-30T15:00:00+0800,2019-10-12T14:59:59+0800,4,3,1,50,0,0,0001-01-01T00:00:00+0000,-
18,"26,44,14,16,24",9,3,1,0,0,0,0,2019-09-30T15:00:00+0800,2019-10-10T20:59:59+0800,2019-09-30T15:00:00+0800,2019-10-12T14:59:59+0800,4,3,1,50,0,0,0001-01-01T00:00:00+0000,-
19,"26,44,14,16,24",9,3,2,0,0,0,1000,2019-09-30T15:00:00+0800,2019-10-10T20:59:59+0800,2019-09-30T15:00:00+0800,2019-10-12T14:59:59+0800,4,3,1,50,3001,2,2019-12-21T15:00:00+0800,-
20,"26,44,14,16,24",9,3,3,0,0,0,2500,2019-09-30T15:00:00+0800,2019-10-10T20:59:59+0800,2019-09-30T15:00:00+0800,2019-10-12T14:59:59+0800,4,3,1,50,3001,2,2019-12-21T15:00:00+0800,-
21,"26,44,14,16,24",9,3,4,0,0,0,4500,2019-09-30T15:00:00+0800,2019-10-10T20:59:59+0800,2019-09-30T15:00:00+0800,2019-10-12T14:59:59+0800,4,3,1,50,3001,2,2019-12-21T15:00:00+0800,-
22,"26,44,14,16,24",9,3,5,0,0,0,7000,2019-09-30T15:00:00+0800,2019-10-10T20:59:59+0800,2019-09-30T15:00:00+0800,2019-10-12T14:59:59+0800,4,3,1,50,3001,2,2019-12-21T15:00:00+0800,-
23,"26,44,14,16,24",9,3,6,1,0,28,10000,2019-09-30T15:00:00+0800,2019-10-10T20:59:59+0800,2019-09-30T15:00:00+0800,2019-10-12T14:59:59+0800,4,3,1,50,3001,2,2019-12-21T15:00:00+0800,-
24,"26,44,14,16,24",9,3,7,0,0,0,0,2019-10-11T12:00:00+0800,2019-10-13T14:59:59+0800,2019-09-30T15:00:00+0800,2019-10-12T14:59:59+0800,4,3,1,50,0,0,0001-01-01T00:00:00+0000,-
25,"15,51,33,50,20",11,4,0,0,0,0,0,2019-10-20T15:00:00+0800,2019-10-30T20:59:59+0800,2019-10-20T15:00:00+0800,2019-11-01T14:59:59+0800,4,3,1,50,0,0,0001-01-01T00:00:00+0000,-
26,"15,51,33,50,20",11,4,1,0,0,0,0,2019-10-20T15:00:00+0800,2019-10-30T20:59:59+0800,2019-10-20T15:00:00+0800,2019-11-01T14:59:59+0800,4,3,1,50,0,0,0001-01-01T00:00:00+0000,-
27,"15,51,33,50,20",11,4,2,0,0,0,1000,2019-10-20T15:00:00+0800,2019-10-30T20:59:59+0800,2019-10-20T15:00:00+0800,2019-11-01T14:59:59+0800,4,3,1,50,3001,2,2019-12-21T15:00:00+0800,-
28,"15,51,33,50,20",11,4,3,0,0,0,2500,2019-10-20T15:00:00+0800,2019-10-30T20:59:59+0800,2019-10-20T15:00:00+0800,2019-11-01T14:59:59+0800,4,3,1,50,3001,2,2019-12-21T15:00:00+0800,-
29,"15,51,33,50,20",11,4,4,0,0,0,4500,2019-10-20T15:00:00+0800,2019-10-30T20:59:59+0800,2019-10-20T15:00:00+0800,2019-11-01T14:59:59+0800,4,3,1,50,3001,2,2019-12-21T15:00:00+0800,-
30,"15,51,33,50,20",11,4,5,0,0,0,7000,2019-10-20T15:00:00+0800,2019-10-30T20:59:59+0800,2019-10-20T15:00:00+0800,2019-11-01T14:59:59+0800,4,3,1,50,3001,2,2019-12-21T15:00:00+0800,-
31,"15,51,33,50,20",11,4,6,1,0,39,10000,2019-10-20T15:00:00+0800,2019-10-30T20:59:59+0800,2019-10-20T15:00:00+0800,2019-11-01T14:59:59+0800,4,3,1,50,3001,2,2019-12-21T15:00:00+0800,-
32,"15,51,33,50,20",11,4,7,0,0,0,0,2019-10-31T12:00:00+0800,2019-11-01T14:59:59+0800,2019-10-20T15:00:00+0800,2019-11-01T14:59:59+0800,4,3,1,50,0,0,0001-01-01T00:00:00+0000,-
33,"46,18,45,25,8",12,3,0,0,0,0,0,2019-11-01T15:00:00+0800,2019-11-09T20:59:59+0800,2019-11-01T15:00:00+0800,2019-11-11T14:59:59+0800,4,3,1,50,0,0,0001-01-01T00:00:00+0000,-
34,"46,18,45,25,8",12,3,1,0,0,0,0,2019-11-01T15:00:00+0800,2019-11-09T20:59:59+0800,2019-11-01T15:00:00+0800,2019-11-11T14:59:59+0800,4,3,1,50,0,0,0001-01-01T00:00:00+0000,-
35,"46,18,45,25,8",12,3,2,0,0,0,1000,2019-11-01T15:00:00+0800,2019-11-09T20:59:59+0800,2019-11-01T15:00:00+0800,2019-11-11T14:59:59+0800,4,3,1,50,3001,2,2019-12-21T15:00:00+0800,-
36,"46,18,45,25,8",12,3,3,0,0,0,2500,2019-11-01T15:00:00+0800,2019-11-09T20:59:59+0800,2019-11-01T15:00:00+0800,2019-11-11T14:59:59+0800,4,3,1,50,3001,2,2019-12-21T15:00:00+0800,-
37,"46,18,45,25,8",12,3,4,0,0,0,4500,2019-11-01T15:00:00+0800,2019-11-09T20:59:59+0800,2019-11-01T15:00:00+0800,2019-11-11T14:59:59+0800,4,3,1,50,3001,2,2019-12-21T15:00:00+0800,-
38,"46,18,45,25,8",12,3,5,0,0,0,7000,2019-11-01T15:00:00+0800,2019-11-09T20:59:59+0800,2019-11-01T15:00:00+0800,2019-11-11T14:59:59+0800,4,3,1,50,3001,2,2019-12-21T15:00:00+0800,-
39,"46,18,45,25,8",12,3,6,1,0,40,10000,2019-11-01T15:00:00+0800,2019-11-09T20:59:59+0800,2019-11-01T15:00:00+0800,2019-11-11T14:59:59+0800,4,3,1,50,3001,2,2019-12-21T15:00:00+0800,-
40,"46,18,45,25,8",12,3,7,0,0,0,0,2019-11-10T12:00:00+0800,2019-11-11T14:59:59+0800,2019-11-01T15:00:00+0800,2019-11-11T14:59:59+0800,4,3,1,50,0,0,0001-01-01T00:00:00+0000,-
41,"16,52,24,22,48",14,4,0,0,0,0,0,2019-11-21T15:00:00+0800,2019-11-28T20:59:59+0800,2019-11-21T15:00:00+0800,2019-11-30T14:59:59+0800,4,3,1,50,0,0,0001-01-01T00:00:00+0000,-
42,"16,52,24,22,48",14,4,1,0,0,0,0,2019-11-21T15:00:00+0800,2019-11-28T20:59:59+0800,2019-11-21T15:00:00+0800,2019-11-30T14:59:59+0800,4,3,1,50,0,0,0001-01-01T00:00:00+0000,-
43,"16,52,24,22,48",14,4,2,0,0,0,1000,2019-11-21T15:00:00+0800,2019-11-28T20:59:59+0800,2019-11-21T15:00:00+0800,2019-11-30T14:59:59+0800,4,3,1,50,3001,2,2019-12-21T15:00:00+0800,-
44,"16,52,24,22,48",14,4,3,0,0,0,2500,2019-11-21T15:00:00+0800,2019-11-28T20:59:59+0800,2019-11-21T15:00:00+0800,2019-11-30T14:59:59+0800,4,3,1,50,3001,2,2019-12-21T15:00:00+0800,-
45,"16,52,24,22,48",14,4,4,0,0,0,4500,2019-11-21T15:00:00+0800,2019-11-28T20:59:59+0800,2019-11-21T15:00:00+0800,2019-11-30T14:59:59+0800,4,3,1,50,3001,2,2019-12-21T15:00:00+0800,-
46,"16,52,24,22,48",14,4,5,0,0,0,7000,2019-11-21T15:00:00+0800,2019-11-28T20:59:59+0800,2019-11-21T15:00:00+0800,2019-11-30T14:59:59+0800,4,3,1,50,3001,2,2019-12-21T15:00:00+0800,-
47,"16,52,24,22,48",14,4,6,1,0,41,10000,2019-11-21T15:00:00+0800,2019-11-28T20:59:59+0800,2019-11-21T15:00:00+0800,2019-11-30T14:59:59+0800,4,3,1,50,3001,2,2019-12-21T15:00:00+0800,-
48,"16,52,24,22,48",14,4,7,0,0,0,0,2019-11-29T12:00:00+0800,2019-11-30T14:59:59+0800,2019-11-21T15:00:00+0800,2019-11-30T14:59:59+0800,4,3,1,50,0,0,0001-01-01T00:00:00+0000,-
49,"12,19,39,35,30",15,3,0,0,0,0,0,2019-12-04T15:00:00+0800,2019-12-11T20:59:59+0800,2019-12-04T15:00:00+0800,2019-12-13T14:59:59+0800,4,3,1,50,0,0,0001-01-01T00:00:00+0000,-
50,"12,19,39,35,30",15,3,1,0,0,0,0,2019-12-04T15:00:00+0800,2019-12-11T20:59:59+0800,2019-12-04T15:00:00+0800,2019-12-13T14:59:59+0800,4,3,1,50,0,0,0001-01-01T00:00:00+0000,-
51,"12,19,39,35,30",15,3,2,0,0,0,1000,2019-12-04T15:00:00+0800,2019-12-11T20:59:59+0800,2019-12-04T15:00:00+0800,2019-12-13T14:59:59+0800,4,3,1,50,3001,2,2019-12-21T15:00:00+0800,-
52,"12,19,39,35,30",15,3,3,0,0,0,2500,2019-12-04T15:00:00+0800,2019-12-11T20:59:59+0800,2019-12-04T15:00:00+0800,2019-12-13T14:59:59+0800,4,3,1,50,3001,2,2019-12-21T15:00:00+0800,-
53,"12,19,39,35,30",15,3,4,0,0,0,4500,2019-12-04T15:00:00+0800,2019-12-11T20:59:59+0800,2019-12-04T15:00:00+0800,2019-12-13T14:59:59+0800,4,3,1,50,3001,2,2019-12-21T15:00:00+0800,-
54,"12,19,39,35,30",15,3,5,0,0,0,7000,2019-12-04T15:00:00+0800,2019-12-11T20:59:59+0800,2019-12-04T15:00:00+0800,2019-12-13T14:59:59+0800,4,3,1,50,3001,2,2019-12-21T15:00:00+0800,-
55,"12,19,39,35,30",15,3,6,1,0,42,10000,2019-12-04T15:00:00+0800,2019-12-11T20:59:59+0800,2019-12-04T15:00:00+0800,2019-12-13T14:59:59+0800,4,3,1,50,3001,2,2019-12-21T15:00:00+0800,-
56,"12,19,39,35,30",15,3,7,0,0,0,0,2019-12-12T12:00:00+0800,2019-12-13T14:59:59+0800,2019-12-04T15:00:00+0800,2019-12-13T14:59:59+0800,4,3,1,50,0,0,0001-01-01T00:00:00+0000,-
57,"14,21,36,26,32",17,4,0,0,0,0,0,2019-12-21T15:00:00+0800,2019-12-29T20:59:59+0800,2019-12-21T15:00:00+0800,2019-12-31T14:59:59+0800,4,3,1,50,0,0,0001-01-01T00:00:00+0000,-
58,"14,21,36,26,32",17,4,1,0,0,0,0,2019-12-21T15:00:00+0800,2019-12-29T20:59:59+0800,2019-12-21T15:00:00+0800,2019-12-31T14:59:59+0800,4,3,1,50,0,0,0001-01-01T00:00:00+0000,-
59,"14,21,36,26,32",17,4,2,0,0,0,1000,2019-12-21T15:00:00+0800,2019-12-29T20:59:59+0800,2019-12-21T15:00:00+0800,2019-12-31T14:59:59+0800,4,3,1,50,3001,2,2019-12-30T12:00:00+0800,-
60,"14,21,36,26,32",17,4,3,0,0,0,2500,2019-12-21T15:00:00+0800,2019-12-29T20:59:59+0800,2019-12-21T15:00:00+0800,2019-12-31T14:59:59+0800,4,3,1,50,3001,2,2019-12-30T12:00:00+0800,-
61,"14,21,36,26,32",17,4,4,0,0,0,4500,2019-12-21T15:00:00+0800,2019-12-29T20:59:59+0800,2019-12-21T15:00:00+0800,2019-12-31T14:59:59+0800,4,3,1,50,3001,2,2019-12-30T12:00:00+0800,-
62,"14,21,36,26,32",17,4,5,0,0,0,7000,2019-12-21T15:00:00+0800,2019-12-29T20:59:59+0800,2019-12-21T15:00:00+0800,2019-12-31T14:59:59+0800,4,3,1,50,3001,2,2019-12-30T12:00:00+0800,-
63,"14,21,36,26,32",17,4,6,1,0,43,10000,2019-12-21T15:00:00+0800,2019-12-29T20:59:59+0800,2019-12-21T15:00:00+0800,2019-12-31T14:59:59+0800,4,3,1,50,3001,2,2019-12-30T12:00:00+0800,-
64,"14,21,36,26,32",17,4,7,0,0,0,0,2019-12-30T12:00:00+0800,2019-12-31T14:59:59+0800,2019-12-21T15:00:00+0800,2019-12-31T14:59:59+0800,4,3,1,50,0,0,0001-01-01T00:00:00+0000,-
65,"28,49,37,43,1",18,3,0,0,0,0,0,2020-01-04T15:00:00+0800,2020-01-10T20:59:59+0800,2020-01-04T15:00:00+0800,2020-01-12T14:59:59+0800,4,3,1,50,0,0,0001-01-01T00:00:00+0000,-
66,"28,49,37,43,1",18,3,1,0,0,0,0,2020-01-04T15:00:00+0800,2020-01-10T20:59:59+0800,2020-01-04T15:00:00+0800,2020-01-12T14:59:59+0800,4,3,1,50,0,0,0001-01-01T00:00:00+0000,-
67,"28,49,37,43,1",18,3,2,0,0,0,1000,2020-01-04T15:00:00+0800,2020-01-10T20:59:59+0800,2020-01-04T15:00:00+0800,2020-01-12T14:59:59+0800,4,3,1,50,3001,2,2020-01-11T12:00:00+0800,-
68,"28,49,37,43,1",18,3,3,0,0,0,2500,2020-01-04T15:00:00+0800,2020-01-10T20:59:59+0800,2020-01-04T15:00:00+0800,2020-01-12T14:59:59+0800,4,3,1,50,3001,2,2020-01-11T12:00:00+0800,-
69,"28,49,37,43,1",18,3,4,0,0,0,4500,2020-01-04T15:00:00+0800,2020-01-10T20:59:59+0800,2020-01-04T15:00:00+0800,2020-01-12T14:59:59+0800,4,3,1,50,3001,2,2020-01-11T12:00:00+0800,-
70,"28,49,37,43,1",18,3,5,0,0,0,7000,2020-01-04T15:00:00+0800,2020-01-10T20:59:59+0800,2020-01-04T15:00:00+0800,2020-01-12T14:59:59+0800,4,3,1,50,3001,2,2020-01-11T12:00:00+0800,-
71,"28,49,37,43,1",18,3,6,1,0,2,10000,2020-01-04T15:00:00+0800,2020-01-10T20:59:59+0800,2020-01-04T15:00:00+0800,2020-01-12T14:59:59+0800,4,3,1,50,3001,2,2020-01-11T12:00:00+0800,-
72,"28,49,37,43,1",18,3,7,0,0,0,0,2020-01-11T12:00:00+0800,2020-01-12T14:59:59+0800,2020-01-04T15:00:00+0800,2020-01-12T14:59:59+0800,4,3,1,50,0,0,0001-01-01T00:00:00+0000,-
73,"38,31,20,46,0",20,4,0,0,0,0,0,2020-01-19T15:00:00+0800,2020-01-25T20:59:59+0800,2020-01-19T15:00:00+0800,2020-01-27T14:59:59+0800,4,3,1,50,0,0,0001-01-01T00:00:00+0000,-
74,"38,31,20,46,0",20,4,1,0,0,0,0,2020-01-19T15:00:00+0800,2020-01-25T20:59:59+0800,2020-01-19T15:00:00+0800,2020-01-27T14:59:59+0800,4,3,1,50,0,0,0001-01-01T00:00:00+0000,-
75,"38,31,20,46,0",20,4,2,0,0,0,1000,2020-01-19T15:00:00+0800,2020-01-25T20:59:59+0800,2020-01-19T15:00:00+0800,2020-01-27T14:59:59+0800,4,3,1,50,3001,2,2019-12-30T12:00:00+0800,-
76,"38,31,20,46,0",20,4,3,0,0,0,2500,2020-01-19T15:00:00+0800,2020-01-25T20:59:59+0800,2020-01-19T15:00:00+0800,2020-01-27T14:59:59+0800,4,3,1,50,3001,2,2019-12-30T12:00:00+0800,-
77,"38,31,20,46,0",20,4,4,0,0,0,4500,2020-01-19T15:00:00+0800,2020-01-25T20:59:59+0800,2020-01-19T15:00:00+0800,2020-01-27T14:59:59+0800,4,3,1,50,3001,2,2019-12-30T12:00:00+0800,-
78,"38,31,20,46,0",20,4,5,0,0,0,7000,2020-01-19T15:00:00+0800,2020-01-25T20:59:59+0800,2020-01-19T15:00:00+0800,2020-01-27T14:59:59+0800,4,3,1,50,3001,2,2019-12-30T12:00:00+0800,-
79,"38,31,20,46,0",20,4,6,1,0,46,10000,2020-01-19T15:00:00+0800,2020-01-25T20:59:59+0800,2020-01-19T15:00:00+0800,2020-01-27T14:59:59+0800,4,3,1,50,3001,2,2019-12-30T12:00:00+0800,-
80,"38,31,20,46,0",20,4,7,0,0,0,0,2020-01-26T12:00:00+0800,2020-01-27T14:59:59+0800,2020-01-19T15:00:00+0800,2020-01-27T14:59:59+0800,4,3,1,50,0,0,0001-01-01T00:00:00+0000,-
81,"7,11,13,5,9",21,3,0,0,0,0,0,2020-01-31T15:00:00+0800,2020-02-07T20:59:59+0800,2020-01-31T15:00:00+0800,2020-02-09T14:59:59+0800,4,3,1,50,0,0,0001-01-01T00:00:00+0000,-
82,"7,11,13,5,9",21,3,1,0,0,0,0,2020-01-31T15:00:00+0800,2020-02-07T20:59:59+0800,2020-01-31T15:00:00+0800,2020-02-09T14:59:59+0800,4,3,1,50,0,0,0001-01-01T00:00:00+0000,-
83,"7,11,13,5,9",21,3,2,0,0,0,1000,2020-01-31T15:00:00+0800,2020-02-07T20:59:59+0800,2020-01-31T15:00:00+0800,2020-02-09T14:59:59+0800,4,3,1,50,3001,2,2020-02-08T12:00:00+0800,-
84,"7,11,13,5,9",21,3,3,0,0,0,2500,2020-01-31T15:00:00+0800,2020-02-07T20:59:59+0800,2020-01-31T15:00:00+0800,2020-02-09T14:59:59+0800,4,3,1,50,3001,2,2020-02-08T12:00:00+0800,-
85,"7,11,13,5,9",21,3,4,0,0,0,4500,2020-01-31T15:00:00+0800,2020-02-07T20:59:59+0800,2020-01-31T15:00:00+0800,2020-02-09T14:59:59+0800,4,3,1,50,3001,2,2020-02-08T12:00:00+0800,-
86,"7,11,13,5,9",21,3,5,0,0,0,7000,2020-01-31T15:00:00+0800,2020-02-07T20:59:59+0800,2020-01-31T15:00:00+0800,2020-02-09T14:59:59+0800,4,3,1,50,3001,2,2020-02-08T12:00:00+0800,-
87,"7,11,13,5,9",21,3,6,1,0,47,10000,2020-01-31T15:00:00+0800,2020-02-07T20:59:59+0800,2020-01-31T15:00:00+0800,2020-02-09T14:59:59+0800,4,3,1,50,3001,2,2020-02-08T12:00:00+0800,-
88,"7,11,13,5,9",21,3,7,0,0,0,0,2020-02-08T12:00:00+0800,2020-02-09T14:59:59+0800,2020-01-31T15:00:00+0800,2020-02-09T14:59:59+0800,4,3,1,50,0,0,0001-01-01T00:00:00+0000,-
89,"18,42,0,0,0",23,4,0,0,0,0,0,2020-02-16T15:00:00+0800,2020-02-24T20:59:59+0800,2020-02-16T15:00:00+0800,2020-02-26T14:59:59+0800,4,3,1,50,0,0,0001-01-01T00:00:00+0000,-
90,"18,42,0,0,0",23,4,1,0,0,0,0,2020-02-16T15:00:00+0800,2020-02-24T20:59:59+0800,2020-02-16T15:00:00+0800,2020-02-26T14:59:59+0800,4,3,1,50,0,0,0001-01-01T00:00:00+0000,-
91,"18,42,0,0,0",23,4,2,0,0,0,1000,2020-02-16T15:00:00+0800,2020-02-24T20:59:59+0800,2020-02-16T15:00:00+0800,2020-02-26T14:59:59+0800,4,3,1,50,3001,2,2020-02-25T12:00:00+0800,-
92,"18,42,0,0,0",23,4,3,0,0,0,2500,2020-02-16T15:00:00+0800,2020-02-24T20:59:59+0800,2020-02-16T15:00:00+0800,2020-02-26T14:59:59+0800,4,3,1,50,3001,2,2020-02-25T12:00:00+0800,-
93,"18,42,0,0,0",23,4,4,0,0,0,4500,2020-02-16T15:00:00+0800,2020-02-24T20:59:59+0800,2020-02-16T15:00:00+0800,2020-02-26T14:59:59+0800,4,3,1,50,3001,2,2020-02-25T12:00:00+0800,-
94,"18,42,0,0,0",23,4,5,0,0,0,7000,2020-02-16T15:00:00+0800,2020-02-24T20:59:59+0800,2020-02-16T15:00:00+0800,2020-02-26T14:59:59+0800,4,3,1,50,3001,2,2020-02-25T12:00:00+0800,-
95,"18,42,0,0,0",23,4,6,1,0,48,10000,2020-02-16T15:00:00+0800,2020-02-24T20:59:59+0800,2020-02-16T15:00:00+0800,2020-02-26T14:59:59+0800,4,3,1,50,3001,2,2020-02-25T12:00:00+0800,-
96,"18,42,0,0,0",23,4,7,0,0,0,0,2020-02-25T12:00:00+0800,2020-02-26T14:59:59+0800,2020-02-16T15:00:00+0800,2020-02-26T14:59:59+0800,4,3,1,50,0,0,0001-01-01T00:00:00+0000,-
97,"3,27,31,38,47",24,3,0,0,0,0,0,2020-03-03T15:00:00+0800,2020-03-11T20:59:59+0800,2020-03-03T15:00:00+0800,2020-03-13T14:59:59+0800,4,3,1,50,0,0,0001-01-01T00:00:00+0000,-
98,"3,27,31,38,47",24,3,1,0,0,0,0,2020-03-03T15:00:00+0800,2020-03-11T20:59:59+0800,2020-03-03T15:00:00+0800,2020-03-13T14:59:59+0800,4,3,1,50,0,0,0001-01-01T00:00:00+0000,-
99,"3,27,31,38,47",24,3,2,0,0,0,1000,2020-03-03T15:00:00+0800,2020-03-11T20:59:59+0800,2020-03-03T15:00:00+0800,2020-03-13T14:59:59+0800,4,3,1,50,3001,2,2020-03-12T12:00:00+0800,-
100,"3,27,31,38,47",24,3,3,0,0,0,2500,2020-03-03T15:00:00+0800,2020-03-11T20:59:59+0800,2020-03-03T15:00:00+0800,2020-03-13T14:59:59+0800,4,3,1,50,3001,2,2020-03-12T12:00:00+0800,-
101,"3,27,31,38,47",24,3,4,0,0,0,4500,2020-03-03T15:00:00+0800,2020-03-11T20:59:59+0800,2020-03-03T15:00:00+0800,2020-03-13T14:59:59+0800,4,3,1,50,3001,2,2020-03-12T12:00:00+0800,-
102,"3,27,31,38,47",24,3,5,0,0,0,7000,2020-03-03T15:00:00+0800,2020-03-11T20:59:59+0800,2020-03-03T15:00:00+0800,2020-03-13T14:59:59+0800,4,3,1,50,3001,2,2020-03-12T12:00:00+0800,-
103,"3,27,31,38,47",24,3,6,1,0,50,10000,2020-03-03T15:00:00+0800,2020-03-11T20:59:59+0800,2020-03-03T15:00:00+0800,2020-03-13T14:59:59+0800,4,3,1,50,3001,2,2020-03-12T12:00:00+0800,-
104,"3,27,31,38,47",24,3,7,0,0,0,0,2020-03-12T12:00:00+0800,2020-03-13T14:59:59+0800,2020-03-03T15:00:00+0800,2020-03-13T14:59:59+0800,4,3,1,50,0,0,0001-01-01T00:00:00+0000,-
105,"30,26,28,0,0",26,4,0,0,0,0,0,2020-03-20T15:00:00+0800,2020-03-27T20:59:59+0800,2020-03-20T15:00:00+0800,2020-03-29T14:59:59+0800,4,3,1,50,0,0,0001-01-01T00:00:00+0000,-
106,"30,26,28,0,0",26,4,1,0,0,0,0,2020-03-20T15:00:00+0800,2020-03-27T20:59:59+0800,2020-03-20T15:00:00+0800,2020-03-29T14:59:59+0800,4,3,1,50,0,0,0001-01-01T00:00:00+0000,-
107,"30,26,28,0,0",26,4,2,0,0,0,1500,2020-03-20T15:00:00+0800,2020-03-27T20:59:59+0800,2020-03-20T15:00:00+0800,2020-03-29T14:59:59+0800,4,3,1,50,3001,2,2020-03-28T12:00:00+0800,-
108,"30,26,28,0,0",26,4,3,0,0,0,3500,2020-03-20T15:00:00+0800,2020-03-27T20:59:59+0800,2020-03-20T15:00:00+0800,2020-03-29T14:59:59+0800,4,3,1,50,3001,2,2020-03-28T12:00:00+0800,-
109,"30,26,28,0,0",26,4,4,0,0,0,6500,2020-03-20T15:00:00+0800,2020-03-27T20:59:59+0800,2020-03-20T15:00:00+0800,2020-03-29T14:59:59+0800,4,3,1,50,3001,2,2020-03-28T12:00:00+0800,-
110,"30,26,28,0,0",26,4,5,0,0,0,10500,2020-03-20T15:00:00+0800,2020-03-27T20:59:59+0800,2020-03-20T15:00:00+0800,2020-03-29T14:59:59+0800,4,3,1,50,3001,2,2020-03-28T12:00:00+0800,-
111,"30,26,28,0,0",26,4,6,1,0,51,15000,2020-03-20T15:00:00+0800,2020-03-27T20:59:59+0800,2020-03-20T15:00:00+0800,2020-03-29T14:59:59+0800,4,3,1,50,3001,2,2020-03-28T12:00:00+0800,-
112,"30,26,28,0,0",26,4,7,0,0,0,0,2020-03-28T12:00:00+0800,2020-03-29T14:59:59+0800,2020-03-20T15:00:00+0800,2020-03-29T14:59:59+0800,4,3,1,50,0,0,0001-01-01T00:00:00+0000,-
113,"17,20,29,40,42",27,3,0,0,0,0,0,2020-04-03T15:00:00+0800,2020-04-10T20:59:59+0800,2020-04-03T15:00:00+0800,2020-04-12T14:59:59+0800,4,3,1,50,0,0,0001-01-01T00:00:00+0000,-
114,"17,20,29,40,42",27,3,1,0,0,0,0,2020-04-03T15:00:00+0800,2020-04-10T20:59:59+0800,2020-04-03T15:00:00+0800,2020-04-12T14:59:59+0800,4,3,1,50,0,0,0001-01-01T00:00:00+0000,-
115,"17,20,29,40,42",27,3,2,0,0,0,1000,2020-04-03T15:00:00+0800,2020-04-10T20:59:59+0800,2020-04-03T15:00:00+0800,2020-04-12T14:59:59+0800,4,3,1,50,3001,2,2020-04-11T12:00:00+0800,-
116,"17,20,29,40,42",27,3,3,0,0,0,2500,2020-04-03T15:00:00+0800,2020-04-10T20:59:59+0800,2020-04-03T15:00:00+0800,2020-04-12T14:59:59+0800,4,3,1,50,3001,2,2020-04-11T12:00:00+0800,-
117,"17,20,29,40,42",27,3,4,0,0,0,4500,2020-04-03T15:00:00+0800,2020-04-10T20:59:59+0800,2020-04-03T15:00:00+0800,2020-04-12T14:59:59+0800,4,3,1,50,3001,2,2020-04-11T12:00:00+0800,-
118,"17,20,29,40,42",27,3,5,0,0,0,7000,2020-04-03T15:00:00+0800,2020-04-10T20:59:59+0800,2020-04-03T15:00:00+0800,2020-04-12T14:59:59+0800,4,3,1,50,3001,2,2020-04-11T12:00:00+0800,-
119,"17,20,29,40,42",27,3,6,1,0,18,10000,2020-04-03T15:00:00+0800,2020-04-10T20:59:59+0800,2020-04-03T15:00:00+0800,2020-04-12T14:59:59+0800,4,3,1,50,3001,2,2020-04-11T12:00:00+0800,-
120,"17,20,29,40,42",27,3,7,0,0,0,0,2020-04-11T12:00:00+0800,2020-04-12T14:59:59+0800,2020-04-03T15:00:00+0800,2020-04-12T14:59:59+0800,4,3,1,50,0,0,0001-01-01T00:00:00+0000,-
121,"44,33,51,0,0",29,4,0,0,0,0,0,2020-04-20T15:00:00+0800,2020-04-28T20:59:59+0800,2020-04-20T15:00:00+0800,2020-04-30T14:59:59+0800,4,3,1,50,0,0,0001-01-01T00:00:00+0000,-
122,"44,33,51,0,0",29,4,1,0,0,0,0,2020-04-20T15:00:00+0800,2020-04-28T20:59:59+0800,2020-04-20T15:00:00+0800,2020-04-30T14:59:59+0800,4,3,1,50,0,0,0001-01-01T00:00:00+0000,-
123,"44,33,51,0,0",29,4,2,0,0,0,1500,2020-04-20T15:00:00+0800,2020-04-28T20:59:59+0800,2020-04-20T15:00:00+0800,2020-04-30T14:59:59+0800,4,3,1,50,3001,2,2020-04-29T12:00:00+0800,-
124,"44,33,51,0,0",29,4,3,0,0,0,3500,2020-04-20T15:00:00+0800,2020-04-28T20:59:59+0800,2020-04-20T15:00:00+0800,2020-04-30T14:59:59+0800,4,3,1,50,3001,2,2020-04-29T12:00:00+0800,-
125,"44,33,51,0,0",29,4,4,0,0,0,6500,2020-04-20T15:00:00+0800,2020-04-28T20:59:59+0800,2020-04-20T15:00:00+0800,2020-04-30T14:59:59+0800,4,3,1,50,3001,2,2020-04-29T12:00:00+0800,-
126,"44,33,51,0,0",29,4,5,0,0,0,10500,2020-04-20T15:00:00+0800,2020-04-28T20:59:59+0800,2020-04-20T15:00:00+0800,2020-04-30T14:59:59+0800,4,3,1,50,3001,2,2020-04-29T12:00:00+0800,-
127,"44,33,51,0,0",29,4,6,1,0,54,15000,2020-04-20T15:00:00+0800,2020-04-28T20:59:59+0800,2020-04-20T15:00:00+0800,2020-04-30T14:59:59+0800,4,3,1,50,3001,2,2020-04-29T12:00:00+0800,-
128,"44,33,51,0,0",29,4,7,0,0,0,0,2020-04-29T12:00:00+0800,2020-04-30T14:59:59+0800,2020-04-20T15:00:00+0800,2020-04-30T14:59:59+0800,4,3,1,50,0,0,0001-01-01T00:00:00+0000,-
129,"6,4,10,34,36",30,3,0,0,0,0,0,2020-05-04T15:00:00+0800,2020-05-11T20:59:59+0800,2020-05-04T15:00:00+0800,2020-05-13T14:59:59+0800,4,3,1,50,0,0,0001-01-01T00:00:00+0000,-
130,"6,4,10,34,36",30,3,1,0,0,0,0,2020-05-04T15:00:00+0800,2020-05-11T20:59:59+0800,2020-05-04T15:00:00+0800,2020-05-13T14:59:59+0800,4,3,1,50,0,0,0001-01-01T00:00:00+0000,-
131,"6,4,10,34,36",30,3,2,0,0,0,1000,2020-05-04T15:00:00+0800,2020-05-11T20:59:59+0800,2020-05-04T15:00:00+0800,2020-05-13T14:59:59+0800,4,3,1,50,3001,2,2020-05-12T12:00:00+0800,-
132,"6,4,10,34,36",30,3,3,0,0,0,2500,2020-05-04T15:00:00+0800,2020-05-11T20:59:59+0800,2020-05-04T15:00:00+0800,2020-05-13T14:59:59+0800,4,3,1,50,3001,2,2020-05-12T12:00:00+0800,-
133,"6,4,10,34,36",30,3,4,0,0,0,4500,2020-05-04T15:00:00+0800,2020-05-11T20:59:59+0800,2020-05-04T15:00:00+0800,2020-05-13T14:59:59+0800,4,3,1,50,3001,2,2020-05-12T12:00:00+0800,-
134,"6,4,10,34,36",30,3,5,0,0,0,7000,2020-05-04T15:00:00+0800,2020-05-11T20:59:59+0800,2020-05-04T15:00:00+0800,2020-05-13T14:59:59+0800,4,3,1,50,3001,2,2020-05-12T12:00:00+0800,-
135,"6,4,10,34,36",30,3,6,1,0,55,10000,2020-05-04T15:00:00+0800,2020-05-11T20:59:59+0800,2020-05-04T15:00:00+0800,2020-05-13T14:59:59+0800,4,3,1,50,3001,2,2020-05-12T12:00:00+0800,-
136,"6,4,10,34,36",30,3,7,0,0,0,0,2020-05-12T12:00:00+0800,2020-05-13T14:59:59+0800,2020-05-04T15:00:00+0800,2020-05-13T14:59:59+0800,4,3,1,50,0,0,0001-01-01T00:00:00+0000,-
137,"52,41,39,48,0",32,4,0,0,0,0,0,2020-05-21T15:00:00+0800,2020-05-29T20:59:59+0800,2020-05-21T15:00:00+0800,2020-05-31T14:59:59+0800,4,3,1,50,0,0,0001-01-01T00:00:00+0000,-
138,"52,41,39,48,0",32,4,1,0,0,0,0,2020-05-21T15:00:00+0800,2020-05-29T20:59:59+0800,2020-05-21T15:00:00+0800,2020-05-31T14:59:59+0800,4,3,1,50,0,0,0001-01-01T00:00:00+0000,-
139,"52,41,39,48,0",32,4,2,0,0,0,1000,2020-05-21T15:00:00+0800,2020-05-29T20:59:59+0800,2020-05-21T15:00:00+0800,2020-05-31T14:59:59+0800,4,3,1,50,3001,2,2020-05-30T12:00:00+0800,-
140,"52,41,39,48,0",32,4,3,0,0,0,2500,2020-05-21T15:00:00+0800,2020-05-29T20:59:59+0800,2020-05-21T15:00:00+0800,2020-05-31T14:59:59+0800,4,3,1,50,3001,2,2020-05-30T12:00:00+0800,-
141,"52,41,39,48,0",32,4,4,0,0,0,4500,2020-05-21T15:00:00+0800,2020-05-29T20:59:59+0800,2020-05-21T15:00:00+0800,2020-05-31T14:59:59+0800,4,3,1,50,3001,2,2020-05-30T12:00:00+0800,-
142,"52,41,39,48,0",32,4,5,0,0,0,7000,2020-05-21T15:00:00+0800,2020-05-29T20:59:59+0800,2020-05-21T15:00:00+0800,2020-05-31T14:59:59+0800,4,3,1,50,3001,2,2020-05-30T12:00:00+0800,-
143,"52,41,39,48,0",32,4,6,1,0,56,10000,2020-05-21T15:00:00+0800,2020-05-29T20:59:59+0800,2020-05-21T15:00:00+0800,2020-05-31T14:59:59+0800,4,3,1,50,3001,2,2020-05-30T12:00:00+0800,-
144,"52,41,39,48,0",32,4,7,0,0,0,0,2020-05-30T12:00:00+0800,2020-05-31T14:59:59+0800,2020-05-21T15:00:00+0800,2020-05-31T14:59:59+0800,4,3,1,50,0,0,0001-01-01T00:00:00+0000,-
145,"32,50,2,21,41",33,3,0,0,0,0,0,2020-06-04T15:00:00+0800,2020-06-11T20:59:59+0800,2020-06-04T15:00:00+0800,2020-06-13T14:59:59+0800,4,3,1,50,0,0,0001-01-01T00:00:00+0000,-
146,"32,50,2,21,41",33,3,1,0,0,0,0,2020-06-04T15:00:00+0800,2020-06-11T20:59:59+0800,2020-06-04T15:00:00+0800,2020-06-13T14:59:59+0800,4,3,1,50,0,0,0001-01-01T00:00:00+0000,-
147,"32,50,2,21,41",33,3,2,0,0,0,1000,2020-06-04T15:00:00+0800,2020-06-11T20:59:59+0800,2020-06-04T15:00:00+0800,2020-06-13T14:59:59+0800,4,3,1,50,3001,2,2020-06-12T12:00:00+0800,-
148,"32,50,2,21,41",33,3,3,0,0,0,2500,2020-06-04T15:00:00+0800,2020-06-11T20:59:59+0800,2020-06-04T15:00:00+0800,2020-06-13T14:59:59+0800,4,3,1,50,3001,2,2020-06-12T12:00:00+0800,-
149,"32,50,2,21,41",33,3,4,0,0,0,4500,2020-06-04T15:00:00+0800,2020-06-11T20:59:59+0800,2020-06-04T15:00:00+0800,2020-06-13T14:59:59+0800,4,3,1,50,3001,2,2020-06-12T12:00:00+0800,-
150,"32,50,2,21,41",33,3,5,0,0,0,7000,2020-06-04T15:00:00+0800,2020-06-11T20:59:59+0800,2020-06-04T15:00:00+0800,2020-06-13T14:59:59+0800,4,3,1,50,3001,2,2020-06-12T12:00:00+0800,-
151,"32,50,2,21,41",33,3,6,1,0,59,10000,2020-06-04T15:00:00+0800,2020-06-11T20:59:59+0800,2020-06-04T15:00:00+0800,2020-06-13T14:59:59+0800,4,3,1,50,3001,2,2020-06-12T12:00:00+0800,-
152,"32,50,2,21,41",33,3,7,0,0,0,0,2020-06-12T12:00:00+0800,2020-06-13T14:59:59+0800,2020-06-04T15:00:00+0800,2020-06-13T14:59:59+0800,4,3,1,50,0,0,0001-01-01T00:00:00+0000,-
153,"27,29,19,37,43",35,4,0,0,0,0,0,2020-06-20T15:00:00+0800,2020-06-27T20:59:59+0800,2020-06-20T15:00:00+0800,2020-06-28T23:59:59+0800,4,3,1,50,0,0,0001-01-01T00:00:00+0000,-
154,"27,29,19,37,43",35,4,1,0,0,0,0,2020-06-20T15:00:00+0800,2020-06-27T20:59:59+0800,2020-06-20T15:00:00+0800,2020-06-28T23:59:59+0800,4,3,1,50,0,0,0001-01-01T00:00:00+0000,-
155,"27,29,19,37,43",35,4,2,0,0,0,1000,2020-06-20T15:00:00+0800,2020-06-27T20:59:59+0800,2020-06-20T15:00:00+0800,2020-06-28T23:59:59+0800,4,3,1,50,3001,2,2020-06-28T12:00:00+0800,-
156,"27,29,19,37,43",35,4,3,0,0,0,2500,2020-06-20T15:00:00+0800,2020-06-27T20:59:59+0800,2020-06-20T15:00:00+0800,2020-06-28T23:59:59+0800,4,3,1,50,3001,2,2020-06-28T12:00:00+0800,-
157,"27,29,19,37,43",35,4,4,0,0,0,4500,2020-06-20T15:00:00+0800,2020-06-27T20:59:59+0800,2020-06-20T15:00:00+0800,2020-06-28T23:59:59+0800,4,3,1,50,3001,2,2020-06-28T12:00:00+0800,-
158,"27,29,19,37,43",35,4,5,0,0,0,7000,2020-06-20T15:00:00+0800,2020-06-27T20:59:59+0800,2020-06-20T15:00:00+0800,2020-06-28T23:59:59+0800,4,3,1,50,3001,2,2020-06-28T12:00:00+0800,-
159,"27,29,19,37,43",35,4,6,1,0,60,10000,2020-06-20T15:00:00+0800,2020-06-27T20:59:59+0800,2020-06-20T15:00:00+0800,2020-06-28T23:59:59+0800,4,3,1,50,3001,2,2020-06-28T12:00:00+0800,-
160,"27,29,19,37,43",35,4,7,0,0,0,0,2020-06-28T12:00:00+0800,2020-06-28T23:59:59+0800,2020-06-20T15:00:00+0800,2020-06-28T23:59:59+0800,4,3,1,50,0,0,0001-01-01T00:00:00+0000,-
161,"1,2,3,4,5,6,7,8,9,10,11,12,13,14,15,16,17,18,19,20,21,22,23,24,25,26,27,28,29,30,31,32,33,34,35,36,37,38,39,40,41,42,43,44,45,46,47,48,49,50,51,52",44,5,0,0,0,0,0,2020-06-29T00:00:00+0800,2020-07-11T23:59:59+0800,2020-06-29T00:00:00+0800,2020-07-13T14:59:59+0800,4,3,1,50,0,0,0001-01-01T00:00:00+0000,-
162,"1,2,3,4,5,6,7,8,9,10,11,12,13,14,15,16,17,18,19,20,21,22,23,24,25,26,27,28,29,30,31,32,33,34,35,36,37,38,39,40,41,42,43,44,45,46,47,48,49,50,51,52",44,5,1,0,0,0,0,2020-06-29T00:00:00+0800,2020-07-11T23:59:59+0800,2020-06-29T00:00:00+0800,2020-07-13T14:59:59+0800,4,3,1,50,0,0,0001-01-01T00:00:00+0000,-
163,"1,2,3,4,5,6,7,8,9,10,11,12,13,14,15,16,17,18,19,20,21,22,23,24,25,26,27,28,29,30,31,32,33,34,35,36,37,38,39,40,41,42,43,44,45,46,47,48,49,50,51,52",44,5,2,0,0,0,0,2020-06-30T00:00:00+0800,2020-07-11T23:59:59+0800,2020-06-29T00:00:00+0800,2020-07-13T14:59:59+0800,4,3,1,50,0,0,0001-01-01T00:00:00+0000,-
164,"1,2,3,4,5,6,7,8,9,10,11,12,13,14,15,16,17,18,19,20,21,22,23,24,25,26,27,28,29,30,31,32,33,34,35,36,37,38,39,40,41,42,43,44,45,46,47,48,49,50,51,52",44,5,3,0,0,0,0,2020-07-01T00:00:00+0800,2020-07-11T23:59:59+0800,2020-06-29T00:00:00+0800,2020-07-13T14:59:59+0800,4,3,1,50,0,0,0001-01-01T00:00:00+0000,-
165,"1,2,3,4,5,6,7,8,9,10,11,12,13,14,15,16,17,18,19,20,21,22,23,24,25,26,27,28,29,30,31,32,33,34,35,36,37,38,39,40,41,42,43,44,45,46,47,48,49,50,51,52",44,5,4,0,0,0,0,2020-07-02T00:00:00+0800,2020-07-11T23:59:59+0800,2020-06-29T00:00:00+0800,2020-07-13T14:59:59+0800,4,3,1,50,0,0,0001-01-01T00:00:00+0000,-
166,"1,2,3,4,5,6,7,8,9,10,11,12,13,14,15,16,17,18,19,20,21,22,23,24,25,26,27,28,29,30,31,32,33,34,35,36,37,38,39,40,41,42,43,44,45,46,47,48,49,50,51,52",44,5,5,0,0,0,0,2020-07-03T00:00:00+0800,2020-07-11T23:59:59+0800,2020-06-29T00:00:00+0800,2020-07-13T14:59:59+0800,4,3,1,50,0,0,0001-01-01T00:00:00+0000,-
167,"1,2,3,4,5,6,7,8,9,10,11,12,13,14,15,16,17,18,19,20,21,22,23,24,25,26,27,28,29,30,31,32,33,34,35,36,37,38,39,40,41,42,43,44,45,46,47,48,49,50,51,52",44,5,6,0,0,0,0,2020-07-04T00:00:00+0800,2020-07-11T23:59:59+0800,2020-06-29T00:00:00+0800,2020-07-13T14:59:59+0800,4,3,1,50,0,0,0001-01-01T00:00:00+0000,-
168,"1,2,3,4,5,6,7,8,9,10,11,12,13,14,15,16,17,18,19,20,21,22,23,24,25,26,27,28,29,30,31,32,33,34,35,36,37,38,39,40,41,42,43,44,45,46,47,48,49,50,51,52",44,5,7,0,0,0,0,2020-07-05T00:00:00+0800,2020-07-11T23:59:59+0800,2020-06-29T00:00:00+0800,2020-07-13T14:59:59+0800,"4,4","3,0","1,0","50,1",0,0,0001-01-01T00:00:00+0000,-
169,"1,2,3,4,5,6,7,8,9,10,11,12,13,14,15,16,17,18,19,20,21,22,23,24,25,26,27,28,29,30,31,32,33,34,35,36,37,38,39,40,41,42,43,44,45,46,47,48,49,50,51,52",44,5,8,0,0,0,0,2020-07-06T00:00:00+0800,2020-07-11T23:59:59+0800,2020-06-29T00:00:00+0800,2020-07-13T14:59:59+0800,"4,4","3,0","1,0","50,2",0,0,0001-01-01T00:00:00+0000,-
170,"1,2,3,4,5,6,7,8,9,10,11,12,13,14,15,16,17,18,19,20,21,22,23,24,25,26,27,28,29,30,31,32,33,34,35,36,37,38,39,40,41,42,43,44,45,46,47,48,49,50,51,52",44,5,9,0,0,0,0,2020-07-07T00:00:00+0800,2020-07-11T23:59:59+0800,2020-06-29T00:00:00+0800,2020-07-13T14:59:59+0800,"4,4","3,0","1,0","50,3",0,0,0001-01-01T00:00:00+0000,-
171,"1,2,3,4,5,6,7,8,9,10,11,12,13,14,15,16,17,18,19,20,21,22,23,24,25,26,27,28,29,30,31,32,33,34,35,36,37,38,39,40,41,42,43,44,45,46,47,48,49,50,51,52",44,5,10,0,0,0,0,2020-07-08T00:00:00+0800,2020-07-11T23:59:59+0800,2020-06-29T00:00:00+0800,2020-07-13T14:59:59+0800,"4,4","3,0","1,0","50,4",0,0,0001-01-01T00:00:00+0000,-
172,"1,2,3,4,5,6,7,8,9,10,11,12,13,14,15,16,17,18,19,20,21,22,23,24,25,26,27,28,29,30,31,32,33,34,35,36,37,38,39,40,41,42,43,44,45,46,47,48,49,50,51,52",44,5,11,0,0,0,0,2020-07-09T00:00:00+0800,2020-07-11T23:59:59+0800,2020-06-29T00:00:00+0800,2020-07-13T14:59:59+0800,"4,4","3,0","1,0","50,5",0,0,0001-01-01T00:00:00+0000,-
173,"1,2,3,4,5,6,7,8,9,10,11,12,13,14,15,16,17,18,19,20,21,22,23,24,25,26,27,28,29,30,31,32,33,34,35,36,37,38,39,40,41,42,43,44,45,46,47,48,49,50,51,52",44,5,12,0,0,0,0,2020-07-10T00:00:00+0800,2020-07-11T23:59:59+0800,2020-06-29T00:00:00+0800,2020-07-13T14:59:59+0800,"4,4","3,0","1,0","50,6",0,0,0001-01-01T00:00:00+0000,-
174,"1,2,3,4,5,6,7,8,9,10,11,12,13,14,15,16,17,18,19,20,21,22,23,24,25,26,27,28,29,30,31,32,33,34,35,36,37,38,39,40,41,42,43,44,45,46,47,48,49,50,51,52",44,5,13,0,0,0,0,2020-07-11T00:00:00+0800,2020-07-11T23:59:59+0800,2020-06-29T00:00:00+0800,2020-07-13T14:59:59+0800,"4,4","3,0","1,0","50,7",0,0,0001-01-01T00:00:00+0000,-
175,"1,2,3,4,5,6,7,8,9,10,11,12,13,14,15,16,17,18,19,20,21,22,23,24,25,26,27,28,29,30,31,32,33,34,35,36,37,38,39,40,41,42,43,44,45,46,47,48,49,50,51,52",44,5,14,0,0,0,0,2020-07-12T12:00:00+0800,2020-07-13T23:59:59+0800,2020-06-29T00:00:00+0800,2020-07-13T14:59:59+0800,"4,4","3,0","1,0","50,8",0,0,0001-01-01T00:00:00+0000,-
176,"47,45,20,26,35",46,4,0,0,0,0,0,2020-07-21T15:00:00+0800,2020-07-29T20:59:59+0800,2020-07-21T15:00:00+0800,2020-07-31T14:59:59+0800,4,3,1,50,0,0,0001-01-01T00:00:00+0000,-
177,"47,45,20,26,35",46,4,1,0,0,0,0,2020-07-21T15:00:00+0800,2020-07-29T20:59:59+0800,2020-07-21T15:00:00+0800,2020-07-31T14:59:59+0800,4,3,1,50,0,0,0001-01-01T00:00:00+0000,-
178,"47,45,20,26,35",46,4,2,0,0,0,1000,2020-07-21T15:00:00+0800,2020-07-29T20:59:59+0800,2020-07-21T15:00:00+0800,2020-07-31T14:59:59+0800,4,3,1,50,3001,2,2020-07-30T12:00:00+0800,-
179,"47,45,20,26,35",46,4,3,0,0,0,2500,2020-07-21T15:00:00+0800,2020-07-29T20:59:59+0800,2020-07-21T15:00:00+0800,2020-07-31T14:59:59+0800,4,3,1,50,3001,2,2020-07-30T12:00:00+0800,-
180,"47,45,20,26,35",46,4,4,0,0,0,4500,2020-07-21T15:00:00+0800,2020-07-29T20:59:59+0800,2020-07-21T15:00:00+0800,2020-07-31T14:59:59+0800,4,3,1,50,3001,2,2020-07-30T12:00:00+0800,-
181,"47,45,20,26,35",46,4,5,0,0,0,7000,2020-07-21T15:00:00+0800,2020-07-29T20:59:59+0800,2020-07-21T15:00:00+0800,2020-07-31T14:59:59+0800,4,3,1,50,3001,2,2020-07-30T12:00:00+0800,-
182,"47,45,20,26,35",46,4,6,1,0,64,10000,2020-07-21T15:00:00+0800,2020-07-29T20:59:59+0800,2020-07-21T15:00:00+0800,2020-07-31T14:59:59+0800,4,3,1,50,3001,2,2020-07-30T12:00:00+0800,-
183,"47,45,20,26,35",46,4,7,0,0,0,0,2020-07-30T12:00:00+0800,2020-07-31T14:59:59+0800,2020-07-21T15:00:00+0800,2020-07-31T14:59:59+0800,4,3,1,50,0,0,0001-01-01T00:00:00+0000,-
184,"36,16,18,19,35",48,3,0,0,0,0,0,2020-08-03T15:00:00+0800,2020-08-11T20:59:59+0800,2020-08-03T15:00:00+0800,2020-08-13T14:59:59+0800,4,3,1,50,0,0,0001-01-01T00:00:00+0000,-
185,"36,16,18,19,35",48,3,1,0,0,0,0,2020-08-03T15:00:00+0800,2020-08-11T20:59:59+0800,2020-08-03T15:00:00+0800,2020-08-13T14:59:59+0800,4,3,1,50,0,0,0001-01-01T00:00:00+0000,-
186,"36,16,18,19,35",48,3,2,0,0,0,1000,2020-08-03T15:00:00+0800,2020-08-11T20:59:59+0800,2020-08-03T15:00:00+0800,2020-08-13T14:59:59+0800,4,3,1,50,3001,2,2020-08-12T12:00:00+0800,-
187,"36,16,18,19,35",48,3,3,0,0,0,2500,2020-08-03T15:00:00+0800,2020-08-11T20:59:59+0800,2020-08-03T15:00:00+0800,2020-08-13T14:59:59+0800,4,3,1,50,3001,2,2020-08-12T12:00:00+0800,-
188,"36,16,18,19,35",48,3,4,0,0,0,4500,2020-08-03T15:00:00+0800,2020-08-11T20:59:59+0800,2020-08-03T15:00:00+0800,2020-08-13T14:59:59+0800,4,3,1,50,3001,2,2020-08-12T12:00:00+0800,-
189,"36,16,18,19,35",48,3,5,0,0,0,7000,2020-08-03T15:00:00+0800,2020-08-11T20:59:59+0800,2020-08-03T15:00:00+0800,2020-08-13T14:59:59+0800,4,3,1,50,3001,2,2020-08-12T12:00:00+0800,-
190,"36,16,18,19,35",48,3,6,1,0,67,10000,2020-08-03T15:00:00+0800,2020-08-11T20:59:59+0800,2020-08-03T15:00:00+0800,2020-08-13T14:59:59+0800,4,3,1,50,3001,2,2020-08-12T12:00:00+0800,-
191,"36,16,18,19,35",48,3,7,0,0,0,0,2020-08-12T12:00:00+0800,2020-08-13T14:59:59+0800,2020-08-03T15:00:00+0800,2020-08-13T14:59:59+0800,4,3,1,50,0,0,0001-01-01T00:00:00+0000,-
192,"29,20,27,37,41",50,4,0,0,0,0,0,2020-08-20T15:00:00+0800,2020-08-28T20:59:59+0800,2020-08-20T15:00:00+0800,2020-08-30T14:59:59+0800,4,3,1,50,0,0,0001-01-01T00:00:00+0000,-
193,"29,20,27,37,41",50,4,1,0,0,0,0,2020-08-20T15:00:00+0800,2020-08-28T20:59:59+0800,2020-08-20T15:00:00+0800,2020-08-30T14:59:59+0800,4,3,1,50,0,0,0001-01-01T00:00:00+0000,-
194,"29,20,27,37,41",50,4,2,0,0,0,1000,2020-08-20T15:00:00+0800,2020-08-28T20:59:59+0800,2020-08-20T15:00:00+0800,2020-08-30T14:59:59+0800,4,3,1,50,3001,2,2020-08-29T12:00:00+0800,-
195,"29,20,27,37,41",50,4,3,0,0,0,2500,2020-08-20T15:00:00+0800,2020-08-28T20:59:59+0800,2020-08-20T15:00:00+0800,2020-08-30T14:59:59+0800,4,3,1,50,3001,2,2020-08-29T12:00:00+0800,-
196,"29,20,27,37,41",50,4,4,0,0,0,4500,2020-08-20T15:00:00+0800,2020-08-28T20:59:59+0800,2020-08-20T15:00:00+0800,2020-08-30T14:59:59+0800,4,3,1,50,3001,2,2020-08-29T12:00:00+0800,-
197,"29,20,27,37,41",50,4,5,0,0,0,7000,2020-08-20T15:00:00+0800,2020-08-28T20:59:59+0800,2020-08-20T15:00:00+0800,2020-08-30T14:59:59+0800,4,3,1,50,3001,2,2020-08-29T12:00:00+0800,-
198,"29,20,27,37,41",50,4,6,1,0,66,10000,2020-08-20T15:00:00+0800,2020-08-28T20:59:59+0800,2020-08-20T15:00:00+0800,2020-08-30T14:59:59+0800,4,3,1,50,3001,2,2020-08-29T12:00:00+0800,-
199,"29,20,27,37,41",50,4,7,0,0,0,0,2020-08-29T12:00:00+0800,2020-08-30T14:59:59+0800,2020-08-20T15:00:00+0800,2020-08-30T14:59:59+0800,4,3,1,50,0,0,0001-01-01T00:00:00+0000,-
200,"31,48,15,27,34",52,3,0,0,0,0,0,2020-09-03T15:00:00+0800,2020-09-10T20:59:59+0800,2020-09-03T15:00:00+0800,2020-09-12T14:59:59+0800,4,3,1,50,0,0,0001-01-01T00:00:00+0000,-
201,"31,48,15,27,34",52,3,1,0,0,0,0,2020-09-03T15:00:00+0800,2020-09-10T20:59:59+0800,2020-09-03T15:00:00+0800,2020-09-12T14:59:59+0800,4,3,1,50,0,0,0001-01-01T00:00:00+0000,-
202,"31,48,15,27,34",52,3,2,0,0,0,1000,2020-09-03T15:00:00+0800,2020-09-10T20:59:59+0800,2020-09-03T15:00:00+0800,2020-09-12T14:59:59+0800,4,3,1,50,3001,2,2020-09-11T12:00:00+0800,-
203,"31,48,15,27,34",52,3,3,0,0,0,2500,2020-09-03T15:00:00+0800,2020-09-10T20:59:59+0800,2020-09-03T15:00:00+0800,2020-09-12T14:59:59+0800,4,3,1,50,3001,2,2020-09-11T12:00:00+0800,-
204,"31,48,15,27,34",52,3,4,0,0,0,4500,2020-09-03T15:00:00+0800,2020-09-10T20:59:59+0800,2020-09-03T15:00:00+0800,2020-09-12T14:59:59+0800,4,3,1,50,3001,2,2020-09-11T12:00:00+0800,-
205,"31,48,15,27,34",52,3,5,0,0,0,7000,2020-09-03T15:00:00+0800,2020-09-10T20:59:59+0800,2020-09-03T15:00:00+0800,2020-09-12T14:59:59+0800,4,3,1,50,3001,2,2020-09-11T12:00:00+0800,-
206,"31,48,15,27,34",52,3,6,1,0,68,10000,2020-09-03T15:00:00+0800,2020-09-10T20:59:59+0800,2020-09-03T15:00:00+0800,2020-09-12T14:59:59+0800,4,3,1,50,3001,2,2020-09-11T12:00:00+0800,-
207,"31,48,15,27,34",52,3,7,0,0,0,0,2020-09-11T12:00:00+0800,2020-09-12T14:59:59+0800,2020-09-03T15:00:00+0800,2020-09-12T14:59:59+0800,4,3,1,50,0,0,0001-01-01T00:00:00+0000,-
208,"52,24,15,42,46",54,4,0,0,0,0,0,2020-09-21T15:00:00+0800,2020-09-27T20:59:59+0800,2020-09-21T15:00:00+0800,2020-09-29T14:59:59+0800,4,3,1,50,0,0,0001-01-01T00:00:00+0000,-
209,"52,24,15,42,46",54,4,1,0,0,0,0,2020-09-21T15:00:00+0800,2020-09-27T20:59:59+0800,2020-09-21T15:00:00+0800,2020-09-29T14:59:59+0800,4,3,1,50,0,0,0001-01-01T00:00:00+0000,-
210,"52,24,15,42,46",54,4,2,0,0,0,1000,2020-09-21T15:00:00+0800,2020-09-27T20:59:59+0800,2020-09-21T15:00:00+0800,2020-09-29T14:59:59+0800,4,3,1,50,3001,2,2020-09-28T12:00:00+0800,-
211,"52,24,15,42,46",54,4,3,0,0,0,2500,2020-09-21T15:00:00+0800,2020-09-27T20:59:59+0800,2020-09-21T15:00:00+0800,2020-09-29T14:59:59+0800,4,3,1,50,3001,2,2020-09-28T12:00:00+0800,-
212,"52,24,15,42,46",54,4,4,0,0,0,4500,2020-09-21T15:00:00+0800,2020-09-27T20:59:59+0800,2020-09-21T15:00:00+0800,2020-09-29T14:59:59+0800,4,3,1,50,3001,2,2020-09-28T12:00:00+0800,-
213,"52,24,15,42,46",54,4,5,0,0,0,7000,2020-09-21T15:00:00+0800,2020-09-27T20:59:59+0800,2020-09-21T15:00:00+0800,2020-09-29T14:59:59+0800,4,3,1,50,3001,2,2020-09-28T12:00:00+0800,-
214,"52,24,15,42,46",54,4,6,1,0,69,10000,2020-09-21T15:00:00+0800,2020-09-27T20:59:59+0800,2020-09-21T15:00:00+0800,2020-09-29T14:59:59+0800,4,3,1,50,3001,2,2020-09-28T12:00:00+0800,-
215,"52,24,15,42,46",54,4,7,0,0,0,0,2020-09-28T12:00:00+0800,2020-09-29T14:59:59+0800,2020-09-21T15:00:00+0800,2020-09-29T14:59:59+0800,4,3,1,50,0,0,0001-01-01T00:00:00+0000,-
216,"22,14,17,28,41",56,3,0,0,0,0,0,2020-10-03T15:00:00+0800,2020-10-11T20:59:59+0800,2020-10-03T15:00:00+0800,2020-10-13T14:59:59+0800,4,3,1,50,0,0,0001-01-01T00:00:00+0000,-
217,"22,14,17,28,41",56,3,1,0,0,0,0,2020-10-03T15:00:00+0800,2020-10-11T20:59:59+0800,2020-10-03T15:00:00+0800,2020-10-13T14:59:59+0800,4,3,1,50,0,0,0001-01-01T00:00:00+0000,-
218,"22,14,17,28,41",56,3,2,0,0,0,1000,2020-10-03T15:00:00+0800,2020-10-11T20:59:59+0800,2020-10-03T15:00:00+0800,2020-10-13T14:59:59+0800,4,3,1,50,3001,2,2020-10-12T12:00:00+0800,-
219,"22,14,17,28,41",56,3,3,0,0,0,2500,2020-10-03T15:00:00+0800,2020-10-11T20:59:59+0800,2020-10-03T15:00:00+0800,2020-10-13T14:59:59+0800,4,3,1,50,3001,2,2020-10-12T12:00:00+0800,-
220,"22,14,17,28,41",56,3,4,0,0,0,4500,2020-10-03T15:00:00+0800,2020-10-11T20:59:59+0800,2020-10-03T15:00:00+0800,2020-10-13T14:59:59+0800,4,3,1,50,3001,2,2020-10-12T12:00:00+0800,-
221,"22,14,17,28,41",56,3,5,0,0,0,7000,2020-10-03T15:00:00+0800,2020-10-11T20:59:59+0800,2020-10-03T15:00:00+0800,2020-10-13T14:59:59+0800,4,3,1,50,3001,2,2020-10-12T12:00:00+0800,-
222,"22,14,17,28,41",56,3,6,1,0,70,10000,2020-10-03T15:00:00+0800,2020-10-11T20:59:59+0800,2020-10-03T15:00:00+0800,2020-10-13T14:59:59+0800,4,3,1,50,3001,2,2020-10-12T12:00:00+0800,-
223,"22,14,17,28,41",56,3,7,0,0,0,0,2020-10-12T12:00:00+0800,2020-10-13T14:59:59+0800,2020-10-03T15:00:00+0800,2020-10-13T14:59:59+0800,4,3,1,50,0,0,0001-01-01T00:00:00+0000,-
224,"17,49,39,44,51",58,4,0,0,0,0,0,2020-10-22T15:00:00+0800,2020-10-30T20:59:59+0800,2020-10-22T15:00:00+0800,2020-11-01T14:59:59+0800,4,3,1,50,0,0,0001-01-01T00:00:00+0000,-
225,"17,49,39,44,51",58,4,1,0,0,0,0,2020-10-22T15:00:00+0800,2020-10-30T20:59:59+0800,2020-10-22T15:00:00+0800,2020-11-01T14:59:59+0800,4,3,1,50,0,0,0001-01-01T00:00:00+0000,-
226,"17,49,39,44,51",58,4,2,0,0,0,1000,2020-10-22T15:00:00+0800,2020-10-30T20:59:59+0800,2020-10-22T15:00:00+0800,2020-11-01T14:59:59+0800,4,3,1,50,3001,2,2020-10-31T12:00:00+0800,-
227,"17,49,39,44,51",58,4,3,0,0,0,2500,2020-10-22T15:00:00+0800,2020-10-30T20:59:59+0800,2020-10-22T15:00:00+0800,2020-11-01T14:59:59+0800,4,3,1,50,3001,2,2020-10-31T12:00:00+0800,-
228,"17,49,39,44,51",58,4,4,0,0,0,4500,2020-10-22T15:00:00+0800,2020-10-30T20:59:59+0800,2020-10-22T15:00:00+0800,2020-11-01T14:59:59+0800,4,3,1,50,3001,2,2020-10-31T12:00:00+0800,-
229,"17,49,39,44,51",58,4,5,0,0,0,7000,2020-10-22T15:00:00+0800,2020-10-30T20:59:59+0800,2020-10-22T15:00:00+0800,2020-11-01T14:59:59+0800,4,3,1,50,3001,2,2020-10-31T12:00:00+0800,-
230,"17,49,39,44,51",58,4,6,1,0,71,10000,2020-10-22T15:00:00+0800,2020-10-30T20:59:59+0800,2020-10-22T15:00:00+0800,2020-11-01T14:59:59+0800,4,3,1,50,3001,2,2020-10-31T12:00:00+0800,-
231,"17,49,39,44,51",58,4,7,0,0,0,0,2020-10-31T12:00:00+0800,2020-11-01T14:59:59+0800,2020-10-22T15:00:00+0800,2020-11-01T14:59:59+0800,4,3,1,50,0,0,0001-01-01T00:00:00+0000,-
232,"40,12,0,0,0",60,3,0,0,0,0,0,2020-11-05T15:00:00+0800,2020-11-12T20:59:59+0800,2020-11-05T15:00:00+0800,2020-11-14T14:59:59+0800,4,3,1,50,0,0,0001-01-01T00:00:00+0000,-
233,"40,12,0,0,0",60,3,1,0,0,0,0,2020-11-05T15:00:00+0800,2020-11-12T20:59:59+0800,2020-11-05T15:00:00+0800,2020-11-14T14:59:59+0800,4,3,1,50,0,0,0001-01-01T00:00:00+0000,-
234,"40,12,0,0,0",60,3,2,0,0,0,1000,2020-11-05T15:00:00+0800,2020-11-12T20:59:59+0800,2020-11-05T15:00:00+0800,2020-11-14T14:59:59+0800,4,3,1,50,3001,2,2020-11-13T12:00:00+0800,-
235,"40,12,0,0,0",60,3,3,0,0,0,2500,2020-11-05T15:00:00+0800,2020-11-12T20:59:59+0800,2020-11-05T15:00:00+0800,2020-11-14T14:59:59+0800,4,3,1,50,3001,2,2020-11-13T12:00:00+0800,-
236,"40,12,0,0,0",60,3,4,0,0,0,4500,2020-11-05T15:00:00+0800,2020-11-12T20:59:59+0800,2020-11-05T15:00:00+0800,2020-11-14T14:59:59+0800,4,3,1,50,3001,2,2020-11-13T12:00:00+0800,-
237,"40,12,0,0,0",60,3,5,0,0,0,7000,2020-11-05T15:00:00+0800,2020-11-12T20:59:59+0800,2020-11-05T15:00:00+0800,2020-11-14T14:59:59+0800,4,3,1,50,3001,2,2020-11-13T12:00:00+0800,-
238,"40,12,0,0,0",60,3,6,1,0,74,10000,2020-11-05T15:00:00+0800,2020-11-12T20:59:59+0800,2020-11-05T15:00:00+0800,2020-11-14T14:59:59+0800,4,3,1,50,3001,2,2020-11-13T12:00:00+0800,-
239,"40,12,0,0,0",60,3,7,0,0,0,0,2020-11-13T12:00:00+0800,2020-11-14T14:59:59+0800,2020-11-05T15:00:00+0800,2020-11-14T14:59:59+0800,4,3,1,50,0,0,0001-01-01T00:00:00+0000,-
240,"50,15,0,0,0",62,4,0,0,0,0,0,2020-11-21T15:00:00+0800,2020-11-28T20:59:59+0800,2020-11-21T15:00:00+0800,2020-11-30T14:59:59+0800,4,3,1,50,0,0,0001-01-01T00:00:00+0000,-
241,"50,15,0,0,0",62,4,1,0,0,0,0,2020-11-21T15:00:00+0800,2020-11-28T20:59:59+0800,2020-11-21T15:00:00+0800,2020-11-30T14:59:59+0800,4,3,1,50,0,0,0001-01-01T00:00:00+0000,-
242,"50,15,0,0,0",62,4,2,0,0,0,1000,2020-11-21T15:00:00+0800,2020-11-28T20:59:59+0800,2020-11-21T15:00:00+0800,2020-11-30T14:59:59+0800,4,3,1,50,3001,2,2020-11-29T12:00:00+0800,-
243,"50,15,0,0,0",62,4,3,0,0,0,2500,2020-11-21T15:00:00+0800,2020-11-28T20:59:59+0800,2020-11-21T15:00:00+0800,2020-11-30T14:59:59+0800,4,3,1,50,3001,2,2020-11-29T12:00:00+0800,-
244,"50,15,0,0,0",62,4,4,0,0,0,4500,2020-11-21T15:00:00+0800,2020-11-28T20:59:59+0800,2020-11-21T15:00:00+0800,2020-11-30T14:59:59+0800,4,3,1,50,3001,2,2020-11-29T12:00:00+0800,-
245,"50,15,0,0,0",62,4,5,0,0,0,7000,2020-11-21T15:00:00+0800,2020-11-28T20:59:59+0800,2020-11-21T15:00:00+0800,2020-11-30T14:59:59+0800,4,3,1,50,3001,2,2020-11-29T12:00:00+0800,-
246,"50,15,0,0,0",62,4,6,1,0,75,10000,2020-11-21T15:00:00+0800,2020-11-28T20:59:59+0800,2020-11-21T15:00:00+0800,2020-11-30T14:59:59+0800,4,3,1,50,3001,2,2020-11-29T12:00:00+0800,-
247,"50,15,0,0,0",62,4,7,0,0,0,0,2020-11-29T12:00:00+0800,2020-11-30T14:59:59+0800,2020-11-21T15:00:00+0800,2020-11-30T14:59:59+0800,4,3,1,50,0,0,0001-01-01T00:00:00+0000,-
248,"13,37,14,24,41",64,3,0,0,0,0,0,2020-12-04T15:00:00+0800,2020-12-12T20:59:59+0800,2020-12-04T15:00:00+0800,2020-12-14T14:59:59+0800,4,3,1,50,0,0,0001-01-01T00:00:00+0000,-
249,"13,37,14,24,41",64,3,1,0,0,0,0,2020-12-04T15:00:00+0800,2020-12-12T20:59:59+0800,2020-12-04T15:00:00+0800,2020-12-14T14:59:59+0800,4,3,1,50,0,0,0001-01-01T00:00:00+0000,-
250,"13,37,14,24,41",64,3,2,0,0,0,1000,2020-12-04T15:00:00+0800,2020-12-12T20:59:59+0800,2020-12-04T15:00:00+0800,2020-12-14T14:59:59+0800,4,3,1,50,3001,2,2020-12-13T12:00:00+0800,-
251,"13,37,14,24,41",64,3,3,0,0,0,2500,2020-12-04T15:00:00+0800,2020-12-12T20:59:59+0800,2020-12-04T15:00:00+0800,2020-12-14T14:59:59+0800,4,3,1,50,3001,2,2020-12-13T12:00:00+0800,-
252,"13,37,14,24,41",64,3,4,0,0,0,4500,2020-12-04T15:00:00+0800,2020-12-12T20:59:59+0800,2020-12-04T15:00:00+0800,2020-12-14T14:59:59+0800,4,3,1,50,3001,2,2020-12-13T12:00:00+0800,-
253,"13,37,14,24,41",64,3,5,0,0,0,7000,2020-12-04T15:00:00+0800,2020-12-12T20:59:59+0800,2020-12-04T15:00:00+0800,2020-12-14T14:59:59+0800,4,3,1,50,3001,2,2020-12-13T12:00:00+0800,-
254,"13,37,14,24,41",64,3,6,1,0,27,10000,2020-12-04T15:00:00+0800,2020-12-12T20:59:59+0800,2020-12-04T15:00:00+0800,2020-12-14T14:59:59+0800,4,3,1,50,3001,2,2020-12-13T12:00:00+0800,-
255,"13,37,14,24,41",64,3,7,0,0,0,0,2020-12-13T12:00:00+0800,2020-12-14T14:59:59+0800,2020-12-04T15:00:00+0800,2020-12-14T14:59:59+0800,4,3,1,50,0,0,0001-01-01T00:00:00+0000,-
256,"45,23,16,0,0",66,4,0,0,0,0,0,2020-12-21T15:00:00+0800,2020-12-28T20:59:59+0800,2020-12-21T15:00:00+0800,2020-12-30T14:59:59+0800,4,3,1,50,0,0,0001-01-01T00:00:00+0000,-
257,"45,23,16,0,0",66,4,1,0,0,0,0,2020-12-21T15:00:00+0800,2020-12-28T20:59:59+0800,2020-12-21T15:00:00+0800,2020-12-30T14:59:59+0800,4,3,1,50,0,0,0001-01-01T00:00:00+0000,-
258,"45,23,16,0,0",66,4,2,0,0,0,1000,2020-12-21T15:00:00+0800,2020-12-28T20:59:59+0800,2020-12-21T15:00:00+0800,2020-12-30T14:59:59+0800,4,3,1,50,3001,2,2020-12-29T12:00:00+0800,-
259,"45,23,16,0,0",66,4,3,0,0,0,2500,2020-12-21T15:00:00+0800,2020-12-28T20:59:59+0800,2020-12-21T15:00:00+0800,2020-12-30T14:59:59+0800,4,3,1,50,3001,2,2020-12-29T12:00:00+0800,-
260,"45,23,16,0,0",66,4,4,0,0,0,4500,2020-12-21T15:00:00+0800,2020-12-28T20:59:59+0800,2020-12-21T15:00:00+0800,2020-12-30T14:59:59+0800,4,3,1,50,3001,2,2020-12-29T12:00:00+0800,-
261,"45,23,16,0,0",66,4,5,0,0,0,7000,2020-12-21T15:00:00+0800,2020-12-28T20:59:59+0800,2020-12-21T15:00:00+0800,2020-12-30T14:59:59+0800,4,3,1,50,3001,2,2020-12-29T12:00:00+0800,-
262,"45,23,16,0,0",66,4,6,1,0,77,10000,2020-12-21T15:00:00+0800,2020-12-28T20:59:59+0800,2020-12-21T15:00:00+0800,2020-12-30T14:59:59+0800,4,3,1,50,3001,2,2020-12-29T12:00:00+0800,-
263,"45,23,16,0,0",66,4,7,0,0,0,0,2020-12-29T12:00:00+0800,2020-12-30T14:59:59+0800,2020-12-21T15:00:00+0800,2020-12-30T14:59:59+0800,4,3,1,50,0,0,0001-01-01T00:00:00+0000,-
264,"20,44,34,0,0",68,3,0,0,0,0,0,2021-01-04T15:00:00+0800,2021-01-11T20:59:59+0800,2021-01-04T15:00:00+0800,2021-01-13T14:59:59+0800,4,3,1,50,0,0,0001-01-01T00:00:00+0000,-
265,"20,44,34,0,0",68,3,1,0,0,0,0,2021-01-04T15:00:00+0800,2021-01-11T20:59:59+0800,2021-01-04T15:00:00+0800,2021-01-13T14:59:59+0800,4,3,1,50,0,0,0001-01-01T00:00:00+0000,-
266,"20,44,34,0,0",68,3,2,0,0,0,1000,2021-01-04T15:00:00+0800,2021-01-11T20:59:59+0800,2021-01-04T15:00:00+0800,2021-01-13T14:59:59+0800,4,3,1,50,3001,2,2021-01-12T12:00:00+0800,-
267,"20,44,34,0,0",68,3,3,0,0,0,2500,2021-01-04T15:00:00+0800,2021-01-11T20:59:59+0800,2021-01-04T15:00:00+0800,2021-01-13T14:59:59+0800,4,3,1,50,3001,2,2021-01-12T12:00:00+0800,-
268,"20,44,34,0,0",68,3,4,0,0,0,4500,2021-01-04T15:00:00+0800,2021-01-11T20:59:59+0800,2021-01-04T15:00:00+0800,2021-01-13T14:59:59+0800,4,3,1,50,3001,2,2021-01-12T12:00:00+0800,-
269,"20,44,34,0,0",68,3,5,0,0,0,7000,2021-01-04T15:00:00+0800,2021-01-11T20:59:59+0800,2021-01-04T15:00:00+0800,2021-01-13T14:59:59+0800,4,3,1,50,3001,2,2021-01-12T12:00:00+0800,-
270,"20,44,34,0,0",68,3,6,1,0,80,10000,2021-01-04T15:00:00+0800,2021-01-11T20:59:59+0800,2021-01-04T15:00:00+0800,2021-01-13T14:59:59+0800,4,3,1,50,3001,2,2021-01-12T12:00:00+0800,-
271,"20,44,34,0,0",68,3,7,0,0,0,0,2021-01-12T12:00:00+0800,2021-01-13T14:59:59+0800,2021-01-04T15:00:00+0800,2021-01-13T14:59:59+0800,4,3,1,50,0,0,0001-01-01T00:00:00+0000,-
272,"21,32,0,0,0",70,4,0,0,0,0,0,2021-01-20T15:00:00+0800,2021-01-27T20:59:59+0800,2021-01-20T15:00:00+0800,2021-01-29T14:59:59+0800,4,3,1,50,0,0,0001-01-01T00:00:00+0000,-
273,"21,32,0,0,0",70,4,1,0,0,0,0,2021-01-20T15:00:00+0800,2021-01-27T20:59:59+0800,2021-01-20T15:00:00+0800,2021-01-29T14:59:59+0800,4,3,1,50,0,0,0001-01-01T00:00:00+0000,-
274,"21,32,0,0,0",70,4,2,0,0,0,1000,2021-01-20T15:00:00+0800,2021-01-27T20:59:59+0800,2021-01-20T15:00:00+0800,2021-01-29T14:59:59+0800,4,3,1,50,3001,2,2021-01-28T12:00:00+0800,-
275,"21,32,0,0,0",70,4,3,0,0,0,2500,2021-01-20T15:00:00+0800,2021-01-27T20:59:59+0800,2021-01-20T15:00:00+0800,2021-01-29T14:59:59+0800,4,3,1,50,3001,2,2021-01-28T12:00:00+0800,-
276,"21,32,0,0,0",70,4,4,0,0,0,4500,2021-01-20T15:00:00+0800,2021-01-27T20:59:59+0800,2021-01-20T15:00:00+0800,2021-01-29T14:59:59+0800,4,3,1,50,3001,2,2021-01-28T12:00:00+0800,-
277,"21,32,0,0,0",70,4,5,0,0,0,7000,2021-01-20T15:00:00+0800,2021-01-27T20:59:59+0800,2021-01-20T15:00:00+0800,2021-01-29T14:59:59+0800,4,3,1,50,3001,2,2021-01-28T12:00:00+0800,-
278,"21,32,0,0,0",70,4,6,1,0,81,10000,2021-01-20T15:00:00+0800,2021-01-27T20:59:59+0800,2021-01-20T15:00:00+0800,2021-01-29T14:59:59+0800,4,3,1,50,3001,2,2021-01-28T12:00:00+0800,-
279,"21,32,0,0,0",70,4,7,0,0,0,0,2021-01-28T12:00:00+0800,2021-01-29T14:59:59+0800,2021-01-20T15:00:00+0800,2021-01-29T14:59:59+0800,4,3,1,50,0,0,0001-01-01T00:00:00+0000,-
280,"24,26,0,0,0",72,3,0,0,0,0,0,2021-02-02T15:00:00+0800,2021-02-10T20:59:59+0800,2021-02-02T15:00:00+0800,2021-02-12T14:59:59+0800,4,3,1,50,0,0,0001-01-01T00:00:00+0000,-
281,"24,26,0,0,0",72,3,1,0,0,0,0,2021-02-02T15:00:00+0800,2021-02-10T20:59:59+0800,2021-02-02T15:00:00+0800,2021-02-12T14:59:59+0800,4,3,1,50,0,0,0001-01-01T00:00:00+0000,-
282,"24,26,0,0,0",72,3,2,0,0,0,1000,2021-02-02T15:00:00+0800,2021-02-10T20:59:59+0800,2021-02-02T15:00:00+0800,2021-02-12T14:59:59+0800,4,3,1,50,3001,2,2021-02-11T12:00:00+0800,-
283,"24,26,0,0,0",72,3,3,0,0,0,2500,2021-02-02T15:00:00+0800,2021-02-10T20:59:59+0800,2021-02-02T15:00:00+0800,2021-02-12T14:59:59+0800,4,3,1,50,3001,2,2021-02-11T12:00:00+0800,-
284,"24,26,0,0,0",72,3,4,0,0,0,4500,2021-02-02T15:00:00+0800,2021-02-10T20:59:59+0800,2021-02-02T15:00:00+0800,2021-02-12T14:59:59+0800,4,3,1,50,3001,2,2021-02-11T12:00:00+0800,-
285,"24,26,0,0,0",72,3,5,0,0,0,7000,2021-02-02T15:00:00+0800,2021-02-10T20:59:59+0800,2021-02-02T15:00:00+0800,2021-02-12T14:59:59+0800,4,3,1,50,3001,2,2021-02-11T12:00:00+0800,-
286,"24,26,0,0,0",72,3,6,1,0,84,10000,2021-02-02T15:00:00+0800,2021-02-10T20:59:59+0800,2021-02-02T15:00:00+0800,2021-02-12T14:59:59+0800,4,3,1,50,3001,2,2021-02-11T12:00:00+0800,-
287,"24,26,0,0,0",72,3,7,0,0,0,0,2021-02-11T12:00:00+0800,2021-02-12T14:59:59+0800,2021-02-02T15:00:00+0800,2021-02-12T14:59:59+0800,4,3,1,50,0,0,0001-01-01T00:00:00+0000,-
288,"25,34,47,49,0",74,4,0,0,0,0,0,2021-02-19T15:00:00+0800,2021-02-26T20:59:59+0800,2021-02-19T15:00:00+0800,2021-02-28T14:59:59+0800,4,3,1,50,0,0,0001-01-01T00:00:00+0000,-
289,"25,34,47,49,0",74,4,1,0,0,0,0,2021-02-19T15:00:00+0800,2021-02-26T20:59:59+0800,2021-02-19T15:00:00+0800,2021-02-28T14:59:59+0800,4,3,1,50,0,0,0001-01-01T00:00:00+0000,-
290,"25,34,47,49,0",74,4,2,0,0,0,1000,2021-02-19T15:00:00+0800,2021-02-26T20:59:59+0800,2021-02-19T15:00:00+0800,2021-02-28T14:59:59+0800,4,3,1,50,3001,2,2021-02-27T12:00:00+0800,-
291,"25,34,47,49,0",74,4,3,0,0,0,2500,2021-02-19T15:00:00+0800,2021-02-26T20:59:59+0800,2021-02-19T15:00:00+0800,2021-02-28T14:59:59+0800,4,3,1,50,3001,2,2021-02-27T12:00:00+0800,-
292,"25,34,47,49,0",74,4,4,0,0,0,4500,2021-02-19T15:00:00+0800,2021-02-26T20:59:59+0800,2021-02-19T15:00:00+0800,2021-02-28T14:59:59+0800,4,3,1,50,3001,2,2021-02-27T12:00:00+0800,-
293,"25,34,47,49,0",74,4,5,0,0,0,7000,2021-02-19T15:00:00+0800,2021-02-26T20:59:59+0800,2021-02-19T15:00:00+0800,2021-02-28T14:59:59+0800,4,3,1,50,3001,2,2021-02-27T12:00:00+0800,-
294,"25,34,47,49,0",74,4,6,1,0,86,10000,2021-02-19T15:00:00+0800,2021-02-26T20:59:59+0800,2021-02-19T15:00:00+0800,2021-02-28T14:59:59+0800,4,3,1,50,3001,2,2021-02-27T12:00:00+0800,-
295,"25,34,47,49,0",74,4,7,0,0,0,0,2021-02-27T12:00:00+0800,2021-02-28T14:59:59+0800,2021-02-19T15:00:00+0800,2021-02-28T14:59:59+0800,4,3,1,50,0,0,0001-01-01T00:00:00+0000,-
296,"43,19,16,0,0",76,3,0,0,0,0,0,2021-03-04T15:00:00+0800,2021-03-10T20:59:59+0800,2021-03-04T15:00:00+0800,2021-03-12T14:59:59+0800,4,3,1,50,0,0,0001-01-01T00:00:00+0000,-
297,"43,19,16,0,0",76,3,1,0,0,0,0,2021-03-04T15:00:00+0800,2021-03-10T20:59:59+0800,2021-03-04T15:00:00+0800,2021-03-12T14:59:59+0800,4,3,1,50,0,0,0001-01-01T00:00:00+0000,-
298,"43,19,16,0,0",76,3,2,0,0,0,1000,2021-03-04T15:00:00+0800,2021-03-10T20:59:59+0800,2021-03-04T15:00:00+0800,2021-03-12T14:59:59+0800,4,3,1,50,3001,2,2021-03-11T12:00:00+0800,-
299,"43,19,16,0,0",76,3,3,0,0,0,2500,2021-03-04T15:00:00+0800,2021-03-10T20:59:59+0800,2021-03-04T15:00:00+0800,2021-03-12T14:59:59+0800,4,3,1,50,3001,2,2021-03-11T12:00:00+0800,-
300,"43,19,16,0,0",76,3,4,0,0,0,4500,2021-03-04T15:00:00+0800,2021-03-10T20:59:59+0800,2021-03-04T15:00:00+0800,2021-03-12T14:59:59+0800,4,3,1,50,3001,2,2021-03-11T12:00:00+0800,-
301,"43,19,16,0,0",76,3,5,0,0,0,7000,2021-03-04T15:00:00+0800,2021-03-10T20:59:59+0800,2021-03-04T15:00:00+0800,2021-03-12T14:59:59+0800,4,3,1,50,3001,2,2021-03-11T12:00:00+0800,-
302,"43,19,16,0,0",76,3,6,1,0,88,10000,2021-03-04T15:00:00+0800,2021-03-10T20:59:59+0800,2021-03-04T15:00:00+0800,2021-03-12T14:59:59+0800,4,3,1,50,3001,2,2021-03-11T12:00:00+0800,-
303,"43,19,16,0,0",76,3,7,0,0,0,0,2021-03-11T12:00:00+0800,2021-03-12T14:59:59+0800,2021-03-04T15:00:00+0800,2021-03-12T14:59:59+0800,4,3,1,50,0,0,0001-01-01T00:00:00+0000,-
304,"35,22,24,40,0",78,4,0,0,0,0,0,2021-03-19T15:00:00+0800,2021-03-25T20:59:59+0800,2021-03-19T15:00:00+0800,2021-03-27T14:59:59+0800,4,3,1,50,0,0,0001-01-01T00:00:00+0000,-
305,"35,22,24,40,0",78,4,1,0,0,0,0,2021-03-19T15:00:00+0800,2021-03-25T20:59:59+0800,2021-03-19T15:00:00+0800,2021-03-27T14:59:59+0800,4,3,1,50,0,0,0001-01-01T00:00:00+0000,-
306,"35,22,24,40,0",78,4,2,0,0,0,1000,2021-03-19T15:00:00+0800,2021-03-25T20:59:59+0800,2021-03-19T15:00:00+0800,2021-03-27T14:59:59+0800,4,3,1,50,3001,2,2021-03-26T12:00:00+0800,-
307,"35,22,24,40,0",78,4,3,0,0,0,2500,2021-03-19T15:00:00+0800,2021-03-25T20:59:59+0800,2021-03-19T15:00:00+0800,2021-03-27T14:59:59+0800,4,3,1,50,3001,2,2021-03-26T12:00:00+0800,-
308,"35,22,24,40,0",78,4,4,0,0,0,4500,2021-03-19T15:00:00+0800,2021-03-25T20:59:59+0800,2021-03-19T15:00:00+0800,2021-03-27T14:59:59+0800,4,3,1,50,3001,2,2021-03-26T12:00:00+0800,-
309,"35,22,24,40,0",78,4,5,0,0,0,7000,2021-03-19T15:00:00+0800,2021-03-25T20:59:59+0800,2021-03-19T15:00:00+0800,2021-03-27T14:59:59+0800,4,3,1,50,3001,2,2021-03-26T12:00:00+0800,-
310,"35,22,24,40,0",78,4,6,1,0,89,10000,2021-03-19T15:00:00+0800,2021-03-25T20:59:59+0800,2021-03-19T15:00:00+0800,2021-03-27T14:59:59+0800,4,3,1,50,3001,2,2021-03-26T12:00:00+0800,-
311,"35,22,24,40,0",78,4,7,0,0,0,0,2021-03-26T12:00:00+0800,2021-03-27T14:59:59+0800,2021-03-19T15:00:00+0800,2021-03-27T14:59:59+0800,4,3,1,50,0,0,0001-01-01T00:00:00+0000,-
312,"51,50,6,23,52",81,3,0,0,0,0,0,2021-04-02T15:00:00+0800,2021-04-10T20:59:59+0800,2021-04-02T15:00:00+0800,2021-04-12T14:59:59+0800,4,3,1,50,0,0,0001-01-01T00:00:00+0000,-
313,"51,50,6,23,52",81,3,1,0,0,0,0,2021-04-02T15:00:00+0800,2021-04-10T20:59:59+0800,2021-04-02T15:00:00+0800,2021-04-12T14:59:59+0800,4,3,1,50,0,0,0001-01-01T00:00:00+0000,-
314,"51,50,6,23,52",81,3,2,0,0,0,1000,2021-04-02T15:00:00+0800,2021-04-10T20:59:59+0800,2021-04-02T15:00:00+0800,2021-04-12T14:59:59+0800,4,3,1,50,3001,2,2021-04-02T15:00:00+0800,-
315,"51,50,6,23,52",81,3,3,0,0,0,2000,2021-04-02T15:00:00+0800,2021-04-10T20:59:59+0800,2021-04-02T15:00:00+0800,2021-04-12T14:59:59+0800,4,3,1,50,3001,2,2021-04-02T15:00:00+0800,-
316,"51,50,6,23,52",81,3,4,0,0,0,3000,2021-04-02T15:00:00+0800,2021-04-10T20:59:59+0800,2021-04-02T15:00:00+0800,2021-04-12T14:59:59+0800,4,3,1,50,3001,2,2021-04-02T15:00:00+0800,-
317,"51,50,6,23,52",81,3,5,0,0,0,4000,2021-04-02T15:00:00+0800,2021-04-10T20:59:59+0800,2021-04-02T15:00:00+0800,2021-04-12T14:59:59+0800,4,3,1,50,3001,2,2021-04-02T15:00:00+0800,-
318,"51,50,6,23,52",81,3,6,0,0,0,5500,2021-04-02T15:00:00+0800,2021-04-10T20:59:59+0800,2021-04-02T15:00:00+0800,2021-04-12T14:59:59+0800,4,3,1,50,3001,2,2021-04-02T15:00:00+0800,-
319,"51,50,6,23,52",81,3,7,0,0,0,7000,2021-04-02T15:00:00+0800,2021-04-10T20:59:59+0800,2021-04-02T15:00:00+0800,2021-04-12T14:59:59+0800,4,3,1,50,3001,2,2021-04-02T15:00:00+0800,-
320,"51,50,6,23,52",81,3,8,1,0,93,8500,2021-04-02T15:00:00+0800,2021-04-10T20:59:59+0800,2021-04-02T15:00:00+0800,2021-04-12T14:59:59+0800,4,3,1,50,3001,2,2021-04-02T15:00:00+0800,-
321,"51,50,6,23,52",81,3,9,0,0,0,0,2021-04-11T12:00:00+0800,2021-04-12T14:59:59+0800,2021-04-02T15:00:00+0800,2021-04-12T14:59:59+0800,4,3,1,50,0,0,0001-01-01T00:00:00+0000,-
322,"14,36,17,0,0",83,4,0,0,0,0,0,2021-04-19T15:00:00+0800,2021-04-26T20:59:59+0800,2021-04-19T15:00:00+0800,2021-04-28T14:59:59+0800,4,3,1,50,0,0,0001-01-01T00:00:00+0000,-
323,"14,36,17,0,0",83,4,1,0,0,0,0,2021-04-19T15:00:00+0800,2021-04-26T20:59:59+0800,2021-04-19T15:00:00+0800,2021-04-28T14:59:59+0800,4,3,1,50,0,0,0001-01-01T00:00:00+0000,-
324,"14,36,17,0,0",83,4,2,0,0,0,1000,2021-04-19T15:00:00+0800,2021-04-26T20:59:59+0800,2021-04-19T15:00:00+0800,2021-04-28T14:59:59+0800,4,3,1,50,3001,2,2021-04-27T12:00:00+0800,-
325,"14,36,17,0,0",83,4,3,0,0,0,2500,2021-04-19T15:00:00+0800,2021-04-26T20:59:59+0800,2021-04-19T15:00:00+0800,2021-04-28T14:59:59+0800,4,3,1,50,3001,2,2021-04-27T12:00:00+0800,-
326,"14,36,17,0,0",83,4,4,0,0,0,4500,2021-04-19T15:00:00+0800,2021-04-26T20:59:59+0800,2021-04-19T15:00:00+0800,2021-04-28T14:59:59+0800,4,3,1,50,3001,2,2021-04-27T12:00:00+0800,-
327,"14,36,17,0,0",83,4,5,0,0,0,7000,2021-04-19T15:00:00+0800,2021-04-26T20:59:59+0800,2021-04-19T15:00:00+0800,2021-04-28T14:59:59+0800,4,3,1,50,3001,2,2021-04-27T12:00:00+0800,-
328,"14,36,17,0,0",83,4,6,1,0,95,10000,2021-04-19T15:00:00+0800,2021-04-26T20:59:59+0800,2021-04-19T15:00:00+0800,2021-04-28T14:59:59+0800,4,3,1,50,3001,2,2021-04-27T12:00:00+0800,-
329,"14,36,17,0,0",83,4,7,0,0,0,0,2021-04-27T12:00:00+0800,2021-04-28T14:59:59+0800,2021-04-19T15:00:00+0800,2021-04-28T14:59:59+0800,4,3,1,50,0,0,0001-01-01T00:00:00+0000,-
330,"47,15,26,0,0",85,3,0,0,0,0,0,2021-05-02T15:00:00+0800,2021-05-10T20:59:59+0800,2021-05-02T15:00:00+0800,2021-05-12T14:59:59+0800,4,3,1,50,0,0,0001-01-01T00:00:00+0000,-
331,"47,15,26,0,0",85,3,1,0,0,0,0,2021-05-02T15:00:00+0800,2021-05-10T20:59:59+0800,2021-05-02T15:00:00+0800,2021-05-12T14:59:59+0800,4,3,1,50,0,0,0001-01-01T00:00:00+0000,-
332,"47,15,26,0,0",85,3,2,0,0,0,1000,2021-05-02T15:00:00+0800,2021-05-10T20:59:59+0800,2021-05-02T15:00:00+0800,2021-05-12T14:59:59+0800,4,3,1,50,3001,2,2021-05-11T12:00:00+0800,-
333,"47,15,26,0,0",85,3,3,0,0,0,2500,2021-05-02T15:00:00+0800,2021-05-10T20:59:59+0800,2021-05-02T15:00:00+0800,2021-05-12T14:59:59+0800,4,3,1,50,3001,2,2021-05-11T12:00:00+0800,-
334,"47,15,26,0,0",85,3,4,0,0,0,4500,2021-05-02T15:00:00+0800,2021-05-10T20:59:59+0800,2021-05-02T15:00:00+0800,2021-05-12T14:59:59+0800,4,3,1,50,3001,2,2021-05-11T12:00:00+0800,-
335,"47,15,26,0,0",85,3,5,0,0,0,7000,2021-05-02T15:00:00+0800,2021-05-10T20:59:59+0800,2021-05-02T15:00:00+0800,2021-05-12T14:59:59+0800,4,3,1,50,3001,2,2021-05-11T12:00:00+0800,-
336,"47,15,26,0,0",85,3,6,1,0,97,10000,2021-05-02T15:00:00+0800,2021-05-10T20:59:59+0800,2021-05-02T15:00:00+0800,2021-05-12T14:59:59+0800,4,3,1,50,3001,2,2021-05-11T12:00:00+0800,-
337,"47,15,26,0,0",85,3,7,0,0,0,0,2021-05-11T12:00:00+0800,2021-05-12T14:59:59+0800,2021-05-02T15:00:00+0800,2021-05-12T14:59:59+0800,4,3,1,50,0,0,0001-01-01T00:00:00+0000,-
338,"1,2,3,4,5,6,7,8,9,10,11,12,13",87,4,0,0,0,0,0,2021-05-20T15:00:00+0800,2021-05-28T20:59:59+0800,2021-05-20T15:00:00+0800,2021-05-30T14:59:59+0800,4,3,1,50,0,0,0001-01-01T00:00:00+0000,-
339,"1,2,3,4,5,6,7,8,9,10,11,12,13",87,4,1,0,0,0,0,2021-05-20T15:00:00+0800,2021-05-28T20:59:59+0800,2021-05-20T15:00:00+0800,2021-05-30T14:59:59+0800,4,3,1,50,0,0,0001-01-01T00:00:00+0000,-
340,"1,2,3,4,5,6,7,8,9,10,11,12,13",87,4,2,0,0,0,1000,2021-05-20T15:00:00+0800,2021-05-28T20:59:59+0800,2021-05-20T15:00:00+0800,2021-05-30T14:59:59+0800,4,3,1,50,3001,2,2021-05-29T12:00:00+0800,-
341,"1,2,3,4,5,6,7,8,9,10,11,12,13",87,4,3,0,0,0,2500,2021-05-20T15:00:00+0800,2021-05-28T20:59:59+0800,2021-05-20T15:00:00+0800,2021-05-30T14:59:59+0800,4,3,1,50,3001,2,2021-05-29T12:00:00+0800,-
342,"1,2,3,4,5,6,7,8,9,10,11,12,13",87,4,4,0,0,0,4500,2021-05-20T15:00:00+0800,2021-05-28T20:59:59+0800,2021-05-20T15:00:00+0800,2021-05-30T14:59:59+0800,4,3,1,50,3001,2,2021-05-29T12:00:00+0800,-
343,"1,2,3,4,5,6,7,8,9,10,11,12,13",87,4,5,0,0,0,7000,2021-05-20T15:00:00+0800,2021-05-28T20:59:59+0800,2021-05-20T15:00:00+0800,2021-05-30T14:59:59+0800,4,3,1,50,3001,2,2021-05-29T12:00:00+0800,-
344,"1,2,3,4,5,6,7,8,9,10,11,12,13",87,4,6,1,0,99,10000,2021-05-20T15:00:00+0800,2021-05-28T20:59:59+0800,2021-05-20T15:00:00+0800,2021-05-30T14:59:59+0800,4,3,1,50,3001,2,2021-05-29T12:00:00+0800,-
345,"1,2,3,4,5,6,7,8,9,10,11,12,13",87,4,7,0,0,0,0,2021-05-29T12:00:00+0800,2021-05-30T14:59:59+0800,2021-05-20T15:00:00+0800,2021-05-30T14:59:59+0800,4,3,1,50,0,0,0001-01-01T00:00:00+0000,-
346,"23,25,0,0,0",89,3,0,0,0,0,0,2021-06-03T15:00:00+0800,2021-06-10T20:59:59+0800,2021-06-03T15:00:00+0800,2021-06-12T14:59:59+0800,4,3,1,50,0,0,0001-01-01T00:00:00+0000,-
347,"23,25,0,0,0",89,3,1,0,0,0,0,2021-06-03T15:00:00+0800,2021-06-10T20:59:59+0800,2021-06-03T15:00:00+0800,2021-06-12T14:59:59+0800,4,3,1,50,0,0,0001-01-01T00:00:00+0000,-
348,"23,25,0,0,0",89,3,2,0,0,0,1000,2021-06-03T15:00:00+0800,2021-06-10T20:59:59+0800,2021-06-03T15:00:00+0800,2021-06-12T14:59:59+0800,4,3,1,50,3001,2,2021-06-11T12:00:00+0800,-
349,"23,25,0,0,0",89,3,3,0,0,0,2500,2021-06-03T15:00:00+0800,2021-06-10T20:59:59+0800,2021-06-03T15:00:00+0800,2021-06-12T14:59:59+0800,4,3,1,50,3001,2,2021-06-11T12:00:00+0800,-
350,"23,25,0,0,0",89,3,4,0,0,0,4500,2021-06-03T15:00:00+0800,2021-06-10T20:59:59+0800,2021-06-03T15:00:00+0800,2021-06-12T14:59:59+0800,4,3,1,50,3001,2,2021-06-11T12:00:00+0800,-
351,"23,25,0,0,0",89,3,5,0,0,0,7000,2021-06-03T15:00:00+0800,2021-06-10T20:59:59+0800,2021-06-03T15:00:00+0800,2021-06-12T14:59:59+0800,4,3,1,50,3001,2,2021-06-11T12:00:00+0800,-
352,"23,25,0,0,0",89,3,6,1,0,101,10000,2021-06-03T15:00:00+0800,2021-06-10T20:59:59+0800,2021-06-03T15:00:00+0800,2021-06-12T14:59:59+0800,4,3,1,50,3001,2,2021-06-11T12:00:00+0800,-
353,"23,25,0,0,0",89,3,7,0,0,0,0,2021-06-11T12:00:00+0800,2021-06-12T14:59:59+0800,2021-06-03T15:00:00+0800,2021-06-12T14:59:59+0800,4,3,1,50,0,0,0001-01-01T00:00:00+0000,-
354,"41,46,38,39,52",91,4,0,0,0,0,0,2021-06-19T15:00:00+0800,2021-06-26T20:59:59+0800,2021-06-19T15:00:00+0800,2021-06-28T14:59:59+0800,4,3,1,50,0,0,0001-01-01T00:00:00+0000,-
355,"41,46,38,39,52",91,4,1,0,0,0,0,2021-06-19T15:00:00+0800,2021-06-26T20:59:59+0800,2021-06-19T15:00:00+0800,2021-06-28T14:59:59+0800,4,3,1,50,0,0,0001-01-01T00:00:00+0000,-
356,"41,46,38,39,52",91,4,2,0,0,0,1000,2021-06-19T15:00:00+0800,2021-06-26T20:59:59+0800,2021-06-19T15:00:00+0800,2021-06-28T14:59:59+0800,4,3,1,50,3001,2,2021-06-27T12:00:00+0800,-
357,"41,46,38,39,52",91,4,3,0,0,0,2500,2021-06-19T15:00:00+0800,2021-06-26T20:59:59+0800,2021-06-19T15:00:00+0800,2021-06-28T14:59:59+0800,4,3,1,50,3001,2,2021-06-27T12:00:00+0800,-
358,"41,46,38,39,52",91,4,4,0,0,0,4500,2021-06-19T15:00:00+0800,2021-06-26T20:59:59+0800,2021-06-19T15:00:00+0800,2021-06-28T14:59:59+0800,4,3,1,50,3001,2,2021-06-27T12:00:00+0800,-
359,"41,46,38,39,52",91,4,5,0,0,0,7000,2021-06-19T15:00:00+0800,2021-06-26T20:59:59+0800,2021-06-19T15:00:00+0800,2021-06-28T14:59:59+0800,4,3,1,50,3001,2,2021-06-27T12:00:00+0800,-
360,"41,46,38,39,52",91,4,6,1,0,103,10000,2021-06-19T15:00:00+0800,2021-06-26T20:59:59+0800,2021-06-19T15:00:00+0800,2021-06-28T14:59:59+0800,4,3,1,50,3001,2,2021-06-27T12:00:00+0800,-
361,"41,46,38,39,52",91,4,7,0,0,0,0,2021-06-27T12:00:00+0800,2021-06-28T14:59:59+0800,2021-06-19T15:00:00+0800,2021-06-28T14:59:59+0800,4,3,1,50,0,0,0001-01-01T00:00:00+0000,-
362,"1,2,3,4,5,6,7,8,9,10,11,12,13,14,15,16,17,18,19,20,21,22,23,24,25,26,27,28,29,30,31,32,33,34,35,36,37,38,39,40,41,42,43,44,45,46,47,48,49,50,51,52",92,5,0,0,0,0,0,2021-07-01T00:00:00+0800,2021-07-13T23:59:59+0800,2021-06-29T15:00:00+0800,2021-07-15T14:59:59+0800,4,3,1,50,0,0,0001-01-01T00:00:00+0000,-
363,"1,2,3,4,5,6,7,8,9,10,11,12,13,14,15,16,17,18,19,20,21,22,23,24,25,26,27,28,29,30,31,32,33,34,35,36,37,38,39,40,41,42,43,44,45,46,47,48,49,50,51,52",92,5,1,0,0,0,0,2021-07-01T00:00:00+0800,2021-07-13T23:59:59+0800,2021-06-29T15:00:00+0800,2021-07-15T14:59:59+0800,4,3,1,50,0,0,0001-01-01T00:00:00+0000,-
364,"1,2,3,4,5,6,7,8,9,10,11,12,13,14,15,16,17,18,19,20,21,22,23,24,25,26,27,28,29,30,31,32,33,34,35,36,37,38,39,40,41,42,43,44,45,46,47,48,49,50,51,52",92,5,2,0,0,0,0,2021-07-02T00:00:00+0800,2021-07-13T23:59:59+0800,2021-06-29T15:00:00+0800,2021-07-15T14:59:59+0800,4,3,1,50,0,0,0001-01-01T00:00:00+0000,-
365,"1,2,3,4,5,6,7,8,9,10,11,12,13,14,15,16,17,18,19,20,21,22,23,24,25,26,27,28,29,30,31,32,33,34,35,36,37,38,39,40,41,42,43,44,45,46,47,48,49,50,51,52",92,5,3,0,0,0,0,2021-07-03T00:00:00+0800,2021-07-13T23:59:59+0800,2021-06-29T15:00:00+0800,2021-07-15T14:59:59+0800,4,3,1,50,0,0,0001-01-01T00:00:00+0000,-
366,"1,2,3,4,5,6,7,8,9,10,11,12,13,14,15,16,17,18,19,20,21,22,23,24,25,26,27,28,29,30,31,32,33,34,35,36,37,38,39,40,41,42,43,44,45,46,47,48,49,50,51,52",92,5,4,0,0,0,0,2021-07-04T00:00:00+0800,2021-07-13T23:59:59+0800,2021-06-29T15:00:00+0800,2021-07-15T14:59:59+0800,4,3,1,50,0,0,0001-01-01T00:00:00+0000,-
367,"1,2,3,4,5,6,7,8,9,10,11,12,13,14,15,16,17,18,19,20,21,22,23,24,25,26,27,28,29,30,31,32,33,34,35,36,37,38,39,40,41,42,43,44,45,46,47,48,49,50,51,52",92,5,5,0,0,0,0,2021-07-05T00:00:00+0800,2021-07-13T23:59:59+0800,2021-06-29T15:00:00+0800,2021-07-15T14:59:59+0800,4,3,1,50,0,0,0001-01-01T00:00:00+0000,-
368,"1,2,3,4,5,6,7,8,9,10,11,12,13,14,15,16,17,18,19,20,21,22,23,24,25,26,27,28,29,30,31,32,33,34,35,36,37,38,39,40,41,42,43,44,45,46,47,48,49,50,51,52",92,5,6,0,0,0,0,2021-07-06T00:00:00+0800,2021-07-13T23:59:59+0800,2021-06-29T15:00:00+0800,2021-07-15T14:59:59+0800,4,3,1,50,0,0,0001-01-01T00:00:00+0000,-
369,"1,2,3,4,5,6,7,8,9,10,11,12,13,14,15,16,17,18,19,20,21,22,23,24,25,26,27,28,29,30,31,32,33,34,35,36,37,38,39,40,41,42,43,44,45,46,47,48,49,50,51,52",92,5,7,0,0,0,0,2021-07-07T00:00:00+0800,2021-07-13T23:59:59+0800,2021-06-29T15:00:00+0800,2021-07-15T14:59:59+0800,4,3,1,50,0,0,0001-01-01T00:00:00+0000,-
370,"1,2,3,4,5,6,7,8,9,10,11,12,13,14,15,16,17,18,19,20,21,22,23,24,25,26,27,28,29,30,31,32,33,34,35,36,37,38,39,40,41,42,43,44,45,46,47,48,49,50,51,52",92,5,8,0,0,0,0,2021-07-08T00:00:00+0800,2021-07-13T23:59:59+0800,2021-06-29T15:00:00+0800,2021-07-15T14:59:59+0800,4,3,1,50,0,0,0001-01-01T00:00:00+0000,-
371,"1,2,3,4,5,6,7,8,9,10,11,12,13,14,15,16,17,18,19,20,21,22,23,24,25,26,27,28,29,30,31,32,33,34,35,36,37,38,39,40,41,42,43,44,45,46,47,48,49,50,51,52",92,5,9,0,0,0,0,2021-07-09T00:00:00+0800,2021-07-13T23:59:59+0800,2021-06-29T15:00:00+0800,2021-07-15T14:59:59+0800,4,3,1,50,0,0,0001-01-01T00:00:00+0000,-
372,"1,2,3,4,5,6,7,8,9,10,11,12,13,14,15,16,17,18,19,20,21,22,23,24,25,26,27,28,29,30,31,32,33,34,35,36,37,38,39,40,41,42,43,44,45,46,47,48,49,50,51,52",92,5,10,0,0,0,0,2021-07-10T00:00:00+0800,2021-07-13T23:59:59+0800,2021-06-29T15:00:00+0800,2021-07-15T14:59:59+0800,4,3,1,50,0,0,0001-01-01T00:00:00+0000,-
373,"1,2,3,4,5,6,7,8,9,10,11,12,13,14,15,16,17,18,19,20,21,22,23,24,25,26,27,28,29,30,31,32,33,34,35,36,37,38,39,40,41,42,43,44,45,46,47,48,49,50,51,52",92,5,11,0,0,0,0,2021-07-11T00:00:00+0800,2021-07-13T23:59:59+0800,2021-06-29T15:00:00+0800,2021-07-15T14:59:59+0800,4,3,1,50,0,0,0001-01-01T00:00:00+0000,-
374,"1,2,3,4,5,6,7,8,9,10,11,12,13,14,15,16,17,18,19,20,21,22,23,24,25,26,27,28,29,30,31,32,33,34,35,36,37,38,39,40,41,42,43,44,45,46,47,48,49,50,51,52",92,5,12,0,0,0,0,2021-07-12T00:00:00+0800,2021-07-13T23:59:59+0800,2021-06-29T15:00:00+0800,2021-07-15T14:59:59+0800,4,3,1,50,0,0,0001-01-01T00:00:00+0000,-
375,"1,2,3,4,5,6,7,8,9,10,11,12,13,14,15,16,17,18,19,20,21,22,23,24,25,26,27,28,29,30,31,32,33,34,35,36,37,38,39,40,41,42,43,44,45,46,47,48,49,50,51,52",92,5,13,0,0,0,0,2021-07-13T00:00:00+0800,2021-07-13T23:59:59+0800,2021-06-29T15:00:00+0800,2021-07-15T14:59:59+0800,4,3,1,50,0,0,0001-01-01T00:00:00+0000,-
376,"1,2,3,4,5,6,7,8,9,10,11,12,13,14,15,16,17,18,19,20,21,22,23,24,25,26,27,28,29,30,31,32,33,34,35,36,37,38,39,40,41,42,43,44,45,46,47,48,49,50,51,52",92,5,14,0,0,0,0,2021-07-14T12:00:00+0800,2021-07-15T14:59:59+0800,2021-06-29T15:00:00+0800,2021-07-15T14:59:59+0800,4,3,1,50,0,0,0001-01-01T00:00:00+0000,-
377,"26,47,24,25,44",94,4,0,0,0,0,0,2021-07-23T15:00:00+0800,2021-07-29T20:59:59+0800,2021-07-23T15:00:00+0800,2021-07-31T14:59:59+0800,4,3,1,50,0,0,0001-01-01T00:00:00+0000,-
378,"26,47,24,25,44",94,4,1,0,0,0,0,2021-07-23T15:00:00+0800,2021-07-29T20:59:59+0800,2021-07-23T15:00:00+0800,2021-07-31T14:59:59+0800,4,3,1,50,0,0,0001-01-01T00:00:00+0000,-
379,"26,47,24,25,44",94,4,2,0,0,0,1000,2021-07-23T15:00:00+0800,2021-07-29T20:59:59+0800,2021-07-23T15:00:00+0800,2021-07-31T14:59:59+0800,4,3,1,50,3001,2,2021-07-30T12:00:00+0800,-
380,"26,47,24,25,44",94,4,3,0,0,0,2500,2021-07-23T15:00:00+0800,2021-07-29T20:59:59+0800,2021-07-23T15:00:00+0800,2021-07-31T14:59:59+0800,4,3,1,50,3001,2,2021-07-30T12:00:00+0800,-
381,"26,47,24,25,44",94,4,4,0,0,0,4500,2021-07-23T15:00:00+0800,2021-07-29T20:59:59+0800,2021-07-23T15:00:00+0800,2021-07-31T14:59:59+0800,4,3,1,50,3001,2,2021-07-30T12:00:00+0800,-
382,"26,47,24,25,44",94,4,5,0,0,0,7000,2021-07-23T15:00:00+0800,2021-07-29T20:59:59+0800,2021-07-23T15:00:00+0800,2021-07-31T14:59:59+0800,4,3,1,50,3001,2,2021-07-30T12:00:00+0800,-
383,"26,47,24,25,44",94,4,6,1,0,108,10000,2021-07-23T15:00:00+0800,2021-07-29T20:59:59+0800,2021-07-23T15:00:00+0800,2021-07-31T14:59:59+0800,4,3,1,50,3001,2,2021-07-30T12:00:00+0800,-
384,"26,47,24,25,44",94,4,7,0,0,0,0,2021-07-30T12:00:00+0800,2021-07-31T14:59:59+0800,2021-07-23T15:00:00+0800,2021-07-31T14:59:59+0800,4,3,1,50,0,0,0001-01-01T00:00:00+0000,-
385,"37,35,32,0,0",96,3,0,0,0,0,0,2021-08-04T15:00:00+0800,2021-08-12T20:59:59+0800,2021-08-04T15:00:00+0800,2021-08-14T14:59:59+0800,4,3,1,50,0,0,0001-01-01T00:00:00+0000,-
386,"37,35,32,0,0",96,3,1,0,0,0,0,2021-08-04T15:00:00+0800,2021-08-12T20:59:59+0800,2021-08-04T15:00:00+0800,2021-08-14T14:59:59+0800,4,3,1,50,0,0,0001-01-01T00:00:00+0000,-
387,"37,35,32,0,0",96,3,2,0,0,0,1000,2021-08-04T15:00:00+0800,2021-08-12T20:59:59+0800,2021-08-04T15:00:00+0800,2021-08-14T14:59:59+0800,4,3,1,50,3001,2,2021-08-13T12:00:00+0800,-
388,"37,35,32,0,0",96,3,3,0,0,0,2500,2021-08-04T15:00:00+0800,2021-08-12T20:59:59+0800,2021-08-04T15:00:00+0800,2021-08-14T14:59:59+0800,4,3,1,50,3001,2,2021-08-13T12:00:00+0800,-
389,"37,35,32,0,0",96,3,4,0,0,0,4500,2021-08-04T15:00:00+0800,2021-08-12T20:59:59+0800,2021-08-04T15:00:00+0800,2021-08-14T14:59:59+0800,4,3,1,50,3001,2,2021-08-13T12:00:00+0800,-
390,"37,35,32,0,0",96,3,5,0,0,0,7000,2021-08-04T15:00:00+0800,2021-08-12T20:59:59+0800,2021-08-04T15:00:00+0800,2021-08-14T14:59:59+0800,4,3,1,50,3001,2,2021-08-13T12:00:00+0800,-
391,"37,35,32,0,0",96,3,6,1,0,110,10000,2021-08-04T15:00:00+0800,2021-08-12T20:59:59+0800,2021-08-04T15:00:00+0800,2021-08-14T14:59:59+0800,4,3,1,50,3001,2,2021-08-13T12:00:00+0800,-
392,"37,35,32,0,0",96,3,7,0,0,0,0,2021-08-13T12:00:00+0800,2021-08-14T14:59:59+0800,2021-08-04T15:00:00+0800,2021-08-14T14:59:59+0800,4,3,1,50,0,0,0001-01-01T00:00:00+0000,-
393,"4,3,6,7,0",98,4,0,0,0,0,0,2021-08-21T15:00:00+0800,2021-08-28T20:59:59+0800,2021-08-21T15:00:00+0800,2021-08-30T14:59:59+0800,4,3,1,50,0,0,0001-01-01T00:00:00+0000,-
394,"4,3,6,7,0",98,4,1,0,0,0,0,2021-08-21T15:00:00+0800,2021-08-28T20:59:59+0800,2021-08-21T15:00:00+0800,2021-08-30T14:59:59+0800,4,3,1,50,0,0,0001-01-01T00:00:00+0000,-
395,"4,3,6,7,0",98,4,2,0,0,0,1000,2021-08-21T15:00:00+0800,2021-08-28T20:59:59+0800,2021-08-21T15:00:00+0800,2021-08-30T14:59:59+0800,4,3,1,50,3001,2,2021-08-29T12:00:00+0800,-
396,"4,3,6,7,0",98,4,3,0,0,0,2500,2021-08-21T15:00:00+0800,2021-08-28T20:59:59+0800,2021-08-21T15:00:00+0800,2021-08-30T14:59:59+0800,4,3,1,50,3001,2,2021-08-29T12:00:00+0800,-
397,"4,3,6,7,0",98,4,4,0,0,0,4500,2021-08-21T15:00:00+0800,2021-08-28T20:59:59+0800,2021-08-21T15:00:00+0800,2021-08-30T14:59:59+0800,4,3,1,50,3001,2,2021-08-29T12:00:00+0800,-
398,"4,3,6,7,0",98,4,5,0,0,0,7000,2021-08-21T15:00:00+0800,2021-08-28T20:59:59+0800,2021-08-21T15:00:00+0800,2021-08-30T14:59:59+0800,4,3,1,50,3001,2,2021-08-29T12:00:00+0800,-
399,"4,3,6,7,0",98,4,6,1,0,112,10000,2021-08-21T15:00:00+0800,2021-08-28T20:59:59+0800,2021-08-21T15:00:00+0800,2021-08-30T14:59:59+0800,4,3,1,50,3001,2,2021-08-29T12:00:00+0800,-
400,"4,3,6,7,0",98,4,7,0,0,0,0,2021-08-29T12:00:00+0800,2021-08-30T14:59:59+0800,2021-08-21T15:00:00+0800,2021-08-30T14:59:59+0800,4,3,1,50,0,0,0001-01-01T00:00:00+0000,-
401,"36,48,19,44,45",100,3,0,0,0,0,0,2021-09-03T15:00:00+0800,2021-09-10T20:59:59+0800,2021-09-03T15:00:00+0800,2021-09-12T14:59:59+0800,4,3,1,50,0,0,0001-01-01T00:00:00+0000,-
402,"36,48,19,44,45",100,3,1,0,0,0,0,2021-09-03T15:00:00+0800,2021-09-10T20:59:59+0800,2021-09-03T15:00:00+0800,2021-09-12T14:59:59+0800,4,3,1,50,0,0,0001-01-01T00:00:00+0000,-
403,"36,48,19,44,45",100,3,2,0,0,0,1000,2021-09-03T15:00:00+0800,2021-09-10T20:59:59+0800,2021-09-03T15:00:00+0800,2021-09-12T14:59:59+0800,4,3,1,50,3001,2,2021-09-11T12:00:00+0800,-
404,"36,48,19,44,45",100,3,3,0,0,0,2500,2021-09-03T15:00:00+0800,2021-09-10T20:59:59+0800,2021-09-03T15:00:00+0800,2021-09-12T14:59:59+0800,4,3,1,50,3001,2,2021-09-11T12:00:00+0800,-
405,"36,48,19,44,45",100,3,4,0,0,0,4500,2021-09-03T15:00:00+0800,2021-09-10T20:59:59+0800,2021-09-03T15:00:00+0800,2021-09-12T14:59:59+0800,4,3,1,50,3001,2,2021-09-11T12:00:00+0800,-
406,"36,48,19,44,45",100,3,5,0,0,0,7000,2021-09-03T15:00:00+0800,2021-09-10T20:59:59+0800,2021-09-03T15:00:00+0800,2021-09-12T14:59:59+0800,4,3,1,50,3001,2,2021-09-11T12:00:00+0800,-
407,"36,48,19,44,45",100,3,6,1,0,114,10000,2021-09-03T15:00:00+0800,2021-09-10T20:59:59+0800,2021-09-03T15:00:00+0800,2021-09-12T14:59:59+0800,4,3,1,50,3001,2,2021-09-11T12:00:00+0800,-
408,"36,48,19,44,45",100,3,7,0,0,0,0,2021-09-11T12:00:00+0800,2021-09-12T14:59:59+0800,2021-09-03T15:00:00+0800,2021-09-12T14:59:59+0800,4,3,1,50,0,0,0001-01-01T00:00:00+0000,-
409,"22,49,13,21,47",102,4,0,0,0,0,0,2021-09-19T15:00:00+0800,2021-09-26T20:59:59+0800,2021-09-19T15:00:00+0800,2021-09-28T14:59:59+0800,4,3,1,50,0,0,0001-01-01T00:00:00+0000,-
410,"22,49,13,21,47",102,4,1,0,0,0,0,2021-09-19T15:00:00+0800,2021-09-26T20:59:59+0800,2021-09-19T15:00:00+0800,2021-09-28T14:59:59+0800,4,3,1,50,0,0,0001-01-01T00:00:00+0000,-
411,"22,49,13,21,47",102,4,2,0,0,0,1000,2021-09-19T15:00:00+0800,2021-09-26T20:59:59+0800,2021-09-19T15:00:00+0800,2021-09-28T14:59:59+0800,4,3,1,50,3001,2,2021-09-27T12:00:00+0800,-
412,"22,49,13,21,47",102,4,3,0,0,0,2500,2021-09-19T15:00:00+0800,2021-09-26T20:59:59+0800,2021-09-19T15:00:00+0800,2021-09-28T14:59:59+0800,4,3,1,50,3001,2,2021-09-27T12:00:00+0800,-
413,"22,49,13,21,47",102,4,4,0,0,0,4500,2021-09-19T15:00:00+0800,2021-09-26T20:59:59+0800,2021-09-19T15:00:00+0800,2021-09-28T14:59:59+0800,4,3,1,50,3001,2,2021-09-27T12:00:00+0800,-
414,"22,49,13,21,47",102,4,5,0,0,0,7000,2021-09-19T15:00:00+0800,2021-09-26T20:59:59+0800,2021-09-19T15:00:00+0800,2021-09-28T14:59:59+0800,4,3,1,50,3001,2,2021-09-27T12:00:00+0800,-
415,"22,49,13,21,47",102,4,6,1,0,116,10000,2021-09-19T15:00:00+0800,2021-09-26T20:59:59+0800,2021-09-19T15:00:00+0800,2021-09-28T14:59:59+0800,4,3,1,50,3001,2,2021-09-27T12:00:00+0800,-
416,"22,49,13,21,47",102,4,7,0,0,0,0,2021-09-27T12:00:00+0800,2021-09-28T14:59:59+0800,2021-09-19T15:00:00+0800,2021-09-28T14:59:59+0800,4,3,1,50,0,0,0001-01-01T00:00:00+0000,-
